category,target_budget,arch,arch_name,dataset,score,mean_score,gain_vs_uniform,budgets
SINGLE_DOCUMENT_QA,128,1,Uniform,narrativeqa,18.6,32.827,0.0,128 128 128 128 128 128 128 128 128 128 128 128 128 128 128 128 128 128 128 128 128 128 128 128 128 128 128 128 128 128 128 128
SINGLE_DOCUMENT_QA,128,1,Uniform,qasper,34.52,32.827,0.0,128 128 128 128 128 128 128 128 128 128 128 128 128 128 128 128 128 128 128 128 128 128 128 128 128 128 128 128 128 128 128 128
SINGLE_DOCUMENT_QA,128,1,Uniform,multifieldqa_en,45.36,32.827,0.0,128 128 128 128 128 128 128 128 128 128 128 128 128 128 128 128 128 128 128 128 128 128 128 128 128 128 128 128 128 128 128 128
SINGLE_DOCUMENT_QA,128,2,Winner (rescaled anchor),narrativeqa,18.75,33.16,0.333,64 226 64 64 119 64 226 64 64 226 226 226 64 65 225 64 119 64 225 64 64 64 64 225 64 225 64 64 225 64 225 225
SINGLE_DOCUMENT_QA,128,2,Winner (rescaled anchor),qasper,34.75,33.16,0.333,64 226 64 64 119 64 226 64 64 226 226 226 64 65 225 64 119 64 225 64 64 64 64 225 64 225 64 64 225 64 225 225
SINGLE_DOCUMENT_QA,128,2,Winner (rescaled anchor),multifieldqa_en,45.98,33.16,0.333,64 226 64 64 119 64 226 64 64 226 226 226 64 65 225 64 119 64 225 64 64 64 64 225 64 225 64 64 225 64 225 225
SINGLE_DOCUMENT_QA,128,3,Best heuristic,narrativeqa,19.76,34.633,1.807,64 64 64 64 70 84 99 113 128 142 157 171 185 200 214 229 229 214 200 185 171 157 142 128 113 99 84 70 64 64 64 64
SINGLE_DOCUMENT_QA,128,3,Best heuristic,qasper,36.84,34.633,1.807,64 64 64 64 70 84 99 113 128 142 157 171 185 200 214 229 229 214 200 185 171 157 142 128 113 99 84 70 64 64 64 64
SINGLE_DOCUMENT_QA,128,3,Best heuristic,multifieldqa_en,47.3,34.633,1.807,64 64 64 64 70 84 99 113 128 142 157 171 185 200 214 229 229 214 200 185 171 157 142 128 113 99 84 70 64 64 64 64
SINGLE_DOCUMENT_QA,128,4,Best random,narrativeqa,19.5,34.603,1.777,64 71 163 156 64 217 64 176 132 64 187 126 132 203 228 104 228 64 103 64 64 64 106 212 184 64 210 169 64 64 107 178
SINGLE_DOCUMENT_QA,128,4,Best random,qasper,37.14,34.603,1.777,64 71 163 156 64 217 64 176 132 64 187 126 132 203 228 104 228 64 103 64 64 64 106 212 184 64 210 169 64 64 107 178
SINGLE_DOCUMENT_QA,128,4,Best random,multifieldqa_en,47.17,34.603,1.777,64 71 163 156 64 217 64 176 132 64 187 126 132 203 228 104 228 64 103 64 64 64 106 212 184 64 210 169 64 64 107 178
SINGLE_DOCUMENT_QA,128,5,Best BO,narrativeqa,19.39,34.643,1.817,64 64 64 72 64 193 64 283 249 64 194 64 64 283 275 230 283 64 64 64 132 64 255 103 163 64 195 64 64 93 64 69
SINGLE_DOCUMENT_QA,128,5,Best BO,qasper,37.49,34.643,1.817,64 64 64 72 64 193 64 283 249 64 194 64 64 283 275 230 283 64 64 64 132 64 255 103 163 64 195 64 64 93 64 69
SINGLE_DOCUMENT_QA,128,5,Best BO,multifieldqa_en,47.05,34.643,1.817,64 64 64 72 64 193 64 283 249 64 194 64 64 283 275 230 283 64 64 64 132 64 255 103 163 64 195 64 64 93 64 69
SINGLE_DOCUMENT_QA,256,1,Uniform,narrativeqa,20.09,35.077,0.0,256 256 256 256 256 256 256 256 256 256 256 256 256 256 256 256 256 256 256 256 256 256 256 256 256 256 256 256 256 256 256 256
SINGLE_DOCUMENT_QA,256,1,Uniform,qasper,39.1,35.077,0.0,256 256 256 256 256 256 256 256 256 256 256 256 256 256 256 256 256 256 256 256 256 256 256 256 256 256 256 256 256 256 256 256
SINGLE_DOCUMENT_QA,256,1,Uniform,multifieldqa_en,46.04,35.077,0.0,256 256 256 256 256 256 256 256 256 256 256 256 256 256 256 256 256 256 256 256 256 256 256 256 256 256 256 256 256 256 256 256
SINGLE_DOCUMENT_QA,256,2,Winner (rescaled anchor),narrativeqa,19.76,35.327,0.25,64 527 64 64 277 64 527 90 64 527 527 527 64 152 527 64 277 90 527 64 64 64 64 527 64 526 64 90 526 64 526 526
SINGLE_DOCUMENT_QA,256,2,Winner (rescaled anchor),qasper,38.77,35.327,0.25,64 527 64 64 277 64 527 90 64 527 527 527 64 152 527 64 277 90 527 64 64 64 64 527 64 526 64 90 526 64 526 526
SINGLE_DOCUMENT_QA,256,2,Winner (rescaled anchor),multifieldqa_en,47.45,35.327,0.25,64 527 64 64 277 64 527 90 64 527 527 527 64 152 527 64 277 90 527 64 64 64 64 527 64 526 64 90 526 64 526 526
SINGLE_DOCUMENT_QA,256,3,Best heuristic,narrativeqa,20.69,35.977,0.9,482 467 453 438 423 408 394 379 364 350 335 320 305 291 276 261 246 232 217 202 187 173 158 143 129 114 99 84 70 64 64 64
SINGLE_DOCUMENT_QA,256,3,Best heuristic,qasper,40.46,35.977,0.9,482 467 453 438 423 408 394 379 364 350 335 320 305 291 276 261 246 232 217 202 187 173 158 143 129 114 99 84 70 64 64 64
SINGLE_DOCUMENT_QA,256,3,Best heuristic,multifieldqa_en,46.78,35.977,0.9,482 467 453 438 423 408 394 379 364 350 335 320 305 291 276 261 246 232 217 202 187 173 158 143 129 114 99 84 70 64 64 64
SINGLE_DOCUMENT_QA,256,4,Best random,narrativeqa,19.79,35.26,0.183,264 312 194 94 130 268 129 436 469 283 430 110 82 225 300 320 99 287 465 375 308 127 282 118 278 168 277 407 64 64 385 442
SINGLE_DOCUMENT_QA,256,4,Best random,qasper,39.63,35.26,0.183,264 312 194 94 130 268 129 436 469 283 430 110 82 225 300 320 99 287 465 375 308 127 282 118 278 168 277 407 64 64 385 442
SINGLE_DOCUMENT_QA,256,4,Best random,multifieldqa_en,46.36,35.26,0.183,264 312 194 94 130 268 129 436 469 283 430 110 82 225 300 320 99 287 465 375 308 127 282 118 278 168 277 407 64 64 385 442
SINGLE_DOCUMENT_QA,256,5,Best BO,narrativeqa,19.63,34.997,-0.08,64 64 64 64 64 383 64 64 571 1384 64 64 64 472 1634 753 64 64 596 64 113 64 64 64 78 301 64 64 64 64 563 64
SINGLE_DOCUMENT_QA,256,5,Best BO,qasper,39.66,34.997,-0.08,64 64 64 64 64 383 64 64 571 1384 64 64 64 472 1634 753 64 64 596 64 113 64 64 64 78 301 64 64 64 64 563 64
SINGLE_DOCUMENT_QA,256,5,Best BO,multifieldqa_en,45.7,34.997,-0.08,64 64 64 64 64 383 64 64 571 1384 64 64 64 472 1634 753 64 64 596 64 113 64 64 64 78 301 64 64 64 64 563 64
SINGLE_DOCUMENT_QA,512,1,Uniform,narrativeqa,21.32,36.683,0.0,512 512 512 512 512 512 512 512 512 512 512 512 512 512 512 512 512 512 512 512 512 512 512 512 512 512 512 512 512 512 512 512
SINGLE_DOCUMENT_QA,512,1,Uniform,qasper,41.86,36.683,0.0,512 512 512 512 512 512 512 512 512 512 512 512 512 512 512 512 512 512 512 512 512 512 512 512 512 512 512 512 512 512 512 512
SINGLE_DOCUMENT_QA,512,1,Uniform,multifieldqa_en,46.87,36.683,0.0,512 512 512 512 512 512 512 512 512 512 512 512 512 512 512 512 512 512 512 512 512 512 512 512 512 512 512 512 512 512 512 512
SINGLE_DOCUMENT_QA,512,2,Winner (rescaled anchor),narrativeqa,20.93,36.453,-0.23,119 1063 119 119 559 119 1063 182 119 1062 1062 1062 119 308 1062 119 559 182 1062 119 119 119 119 1062 119 1062 119 182 1062 119 1062 1062
SINGLE_DOCUMENT_QA,512,2,Winner (rescaled anchor),qasper,40.6,36.453,-0.23,119 1063 119 119 559 119 1063 182 119 1062 1062 1062 119 308 1062 119 559 182 1062 119 119 119 119 1062 119 1062 119 182 1062 119 1062 1062
SINGLE_DOCUMENT_QA,512,2,Winner (rescaled anchor),multifieldqa_en,47.83,36.453,-0.23,119 1063 119 119 559 119 1063 182 119 1062 1062 1062 119 308 1062 119 559 182 1062 119 119 119 119 1062 119 1062 119 182 1062 119 1062 1062
SINGLE_DOCUMENT_QA,512,3,Best heuristic,narrativeqa,20.09,35.223,-1.46,154 870 154 870 154 870 154 870 154 870 154 870 154 870 154 870 154 870 154 870 154 870 154 870 154 870 154 870 154 870 154 870
SINGLE_DOCUMENT_QA,512,3,Best heuristic,qasper,40.24,35.223,-1.46,154 870 154 870 154 870 154 870 154 870 154 870 154 870 154 870 154 870 154 870 154 870 154 870 154 870 154 870 154 870 154 870
SINGLE_DOCUMENT_QA,512,3,Best heuristic,multifieldqa_en,45.34,35.223,-1.46,154 870 154 870 154 870 154 870 154 870 154 870 154 870 154 870 154 870 154 870 154 870 154 870 154 870 154 870 154 870 154 870
SINGLE_DOCUMENT_QA,512,4,Best random,narrativeqa,20.65,36.487,-0.197,202 101 906 669 687 741 677 64 64 240 618 858 298 767 610 864 393 779 383 667 698 171 691 669 64 293 638 581 635 271 278 807
SINGLE_DOCUMENT_QA,512,4,Best random,qasper,41.74,36.487,-0.197,202 101 906 669 687 741 677 64 64 240 618 858 298 767 610 864 393 779 383 667 698 171 691 669 64 293 638 581 635 271 278 807
SINGLE_DOCUMENT_QA,512,4,Best random,multifieldqa_en,47.07,36.487,-0.197,202 101 906 669 687 741 677 64 64 240 618 858 298 767 610 864 393 779 383 667 698 171 691 669 64 293 638 581 635 271 278 807
SINGLE_DOCUMENT_QA,512,5,Best BO,narrativeqa,20.62,36.277,-0.407,420 64 1374 827 966 368 64 64 64 111 694 1321 1275 321 527 1373 520 240 513 453 342 506 1221 621 64 64 64 219 177 174 1083 290
SINGLE_DOCUMENT_QA,512,5,Best BO,qasper,41.83,36.277,-0.407,420 64 1374 827 966 368 64 64 64 111 694 1321 1275 321 527 1373 520 240 513 453 342 506 1221 621 64 64 64 219 177 174 1083 290
SINGLE_DOCUMENT_QA,512,5,Best BO,multifieldqa_en,46.38,36.277,-0.407,420 64 1374 827 966 368 64 64 64 111 694 1321 1275 321 527 1373 520 240 513 453 342 506 1221 621 64 64 64 219 177 174 1083 290
MULTI_DOCUMENT_QA,128,1,Uniform,hotpotqa,45.5,34.993,0.0,128 128 128 128 128 128 128 128 128 128 128 128 128 128 128 128 128 128 128 128 128 128 128 128 128 128 128 128 128 128 128 128
MULTI_DOCUMENT_QA,128,1,Uniform,2wikimqa,36.81,34.993,0.0,128 128 128 128 128 128 128 128 128 128 128 128 128 128 128 128 128 128 128 128 128 128 128 128 128 128 128 128 128 128 128 128
MULTI_DOCUMENT_QA,128,1,Uniform,musique,22.67,34.993,0.0,128 128 128 128 128 128 128 128 128 128 128 128 128 128 128 128 128 128 128 128 128 128 128 128 128 128 128 128 128 128 128 128
MULTI_DOCUMENT_QA,128,2,Winner (rescaled anchor),hotpotqa,46.36,35.377,0.383,64 64 560 64 96 64 64 64 64 64 560 64 64 560 64 560 64 64 64 64 64 64 64 96 64 64 64 64 64 64 64 64
MULTI_DOCUMENT_QA,128,2,Winner (rescaled anchor),2wikimqa,36.77,35.377,0.383,64 64 560 64 96 64 64 64 64 64 560 64 64 560 64 560 64 64 64 64 64 64 64 96 64 64 64 64 64 64 64 64
MULTI_DOCUMENT_QA,128,2,Winner (rescaled anchor),musique,23.0,35.377,0.383,64 64 560 64 96 64 64 64 64 64 560 64 64 560 64 560 64 64 64 64 64 64 64 96 64 64 64 64 64 64 64 64
MULTI_DOCUMENT_QA,128,3,Best heuristic,hotpotqa,46.36,35.19,0.197,230 223 216 209 202 195 188 181 174 167 160 153 146 139 132 125 118 111 104 97 89 82 75 68 64 64 64 64 64 64 64 64
MULTI_DOCUMENT_QA,128,3,Best heuristic,2wikimqa,37.03,35.19,0.197,230 223 216 209 202 195 188 181 174 167 160 153 146 139 132 125 118 111 104 97 89 82 75 68 64 64 64 64 64 64 64 64
MULTI_DOCUMENT_QA,128,3,Best heuristic,musique,22.18,35.19,0.197,230 223 216 209 202 195 188 181 174 167 160 153 146 139 132 125 118 111 104 97 89 82 75 68 64 64 64 64 64 64 64 64
MULTI_DOCUMENT_QA,128,4,Best random,hotpotqa,45.75,35.37,0.377,64 64 213 145 152 190 134 143 159 194 90 146 64 190 64 180 178 64 64 178 101 172 64 67 173 64 115 174 142 64 206 78
MULTI_DOCUMENT_QA,128,4,Best random,2wikimqa,37.28,35.37,0.377,64 64 213 145 152 190 134 143 159 194 90 146 64 190 64 180 178 64 64 178 101 172 64 67 173 64 115 174 142 64 206 78
MULTI_DOCUMENT_QA,128,4,Best random,musique,23.08,35.37,0.377,64 64 213 145 152 190 134 143 159 194 90 146 64 190 64 180 178 64 64 178 101 172 64 67 173 64 115 174 142 64 206 78
MULTI_DOCUMENT_QA,128,5,Best BO,hotpotqa,47.98,35.96,0.967,64 64 404 64 64 249 64 64 64 64 316 64 64 695 64 626 64 142 64 64 64 64 64 64 64 64 64 64 64 64 64 64
MULTI_DOCUMENT_QA,128,5,Best BO,2wikimqa,36.8,35.96,0.967,64 64 404 64 64 249 64 64 64 64 316 64 64 695 64 626 64 142 64 64 64 64 64 64 64 64 64 64 64 64 64 64
MULTI_DOCUMENT_QA,128,5,Best BO,musique,23.1,35.96,0.967,64 64 404 64 64 249 64 64 64 64 316 64 64 695 64 626 64 142 64 64 64 64 64 64 64 64 64 64 64 64 64 64
MULTI_DOCUMENT_QA,256,1,Uniform,hotpotqa,46.07,35.423,0.0,256 256 256 256 256 256 256 256 256 256 256 256 256 256 256 256 256 256 256 256 256 256 256 256 256 256 256 256 256 256 256 256
MULTI_DOCUMENT_QA,256,1,Uniform,2wikimqa,37.57,35.423,0.0,256 256 256 256 256 256 256 256 256 256 256 256 256 256 256 256 256 256 256 256 256 256 256 256 256 256 256 256 256 256 256 256
MULTI_DOCUMENT_QA,256,1,Uniform,musique,22.63,35.423,0.0,256 256 256 256 256 256 256 256 256 256 256 256 256 256 256 256 256 256 256 256 256 256 256 256 256 256 256 256 256 256 256 256
MULTI_DOCUMENT_QA,256,2,Winner (rescaled anchor),hotpotqa,47.18,36.14,0.717,127 127 1130 127 193 127 127 127 127 127 1130 127 127 1130 126 1130 126 126 126 126 126 126 126 193 126 126 126 126 126 126 126 126
MULTI_DOCUMENT_QA,256,2,Winner (rescaled anchor),2wikimqa,38.03,36.14,0.717,127 127 1130 127 193 127 127 127 127 127 1130 127 127 1130 126 1130 126 126 126 126 126 126 126 193 126 126 126 126 126 126 126 126
MULTI_DOCUMENT_QA,256,2,Winner (rescaled anchor),musique,23.21,36.14,0.717,127 127 1130 127 193 127 127 127 127 127 1130 127 127 1130 126 1130 126 126 126 126 126 126 126 193 126 126 126 126 126 126 126 126
MULTI_DOCUMENT_QA,256,3,Best heuristic,hotpotqa,46.8,35.71,0.287,482 467 453 438 423 408 394 379 364 350 335 320 305 291 276 261 246 232 217 202 187 173 158 143 129 114 99 84 70 64 64 64
MULTI_DOCUMENT_QA,256,3,Best heuristic,2wikimqa,37.7,35.71,0.287,482 467 453 438 423 408 394 379 364 350 335 320 305 291 276 261 246 232 217 202 187 173 158 143 129 114 99 84 70 64 64 64
MULTI_DOCUMENT_QA,256,3,Best heuristic,musique,22.63,35.71,0.287,482 467 453 438 423 408 394 379 364 350 335 320 305 291 276 261 246 232 217 202 187 173 158 143 129 114 99 84 70 64 64 64
MULTI_DOCUMENT_QA,256,4,Best random,hotpotqa,46.85,35.95,0.527,510 218 416 249 73 213 441 376 127 461 395 64 64 468 347 192 275 429 319 64 153 64 81 419 64 424 182 315 98 252 138 301
MULTI_DOCUMENT_QA,256,4,Best random,2wikimqa,37.71,35.95,0.527,510 218 416 249 73 213 441 376 127 461 395 64 64 468 347 192 275 429 319 64 153 64 81 419 64 424 182 315 98 252 138 301
MULTI_DOCUMENT_QA,256,4,Best random,musique,23.29,35.95,0.527,510 218 416 249 73 213 441 376 127 461 395 64 64 468 347 192 275 429 319 64 153 64 81 419 64 424 182 315 98 252 138 301
MULTI_DOCUMENT_QA,256,5,Best BO,hotpotqa,46.9,36.047,0.623,64 64 1314 64 64 64 64 64 70 64 1070 64 64 2005 64 2005 64 64 64 64 64 64 64 64 64 64 64 64 64 64 64 64
MULTI_DOCUMENT_QA,256,5,Best BO,2wikimqa,37.71,36.047,0.623,64 64 1314 64 64 64 64 64 70 64 1070 64 64 2005 64 2005 64 64 64 64 64 64 64 64 64 64 64 64 64 64 64 64
MULTI_DOCUMENT_QA,256,5,Best BO,musique,23.53,36.047,0.623,64 64 1314 64 64 64 64 64 70 64 1070 64 64 2005 64 2005 64 64 64 64 64 64 64 64 64 64 64 64 64 64 64 64
MULTI_DOCUMENT_QA,512,1,Uniform,hotpotqa,47.2,36.137,0.0,512 512 512 512 512 512 512 512 512 512 512 512 512 512 512 512 512 512 512 512 512 512 512 512 512 512 512 512 512 512 512 512
MULTI_DOCUMENT_QA,512,1,Uniform,2wikimqa,38.68,36.137,0.0,512 512 512 512 512 512 512 512 512 512 512 512 512 512 512 512 512 512 512 512 512 512 512 512 512 512 512 512 512 512 512 512
MULTI_DOCUMENT_QA,512,1,Uniform,musique,22.53,36.137,0.0,512 512 512 512 512 512 512 512 512 512 512 512 512 512 512 512 512 512 512 512 512 512 512 512 512 512 512 512 512 512 512 512
MULTI_DOCUMENT_QA,512,2,Winner (rescaled anchor),hotpotqa,46.94,35.69,-0.447,253 253 2260 253 386 253 253 253 253 253 2260 253 253 2260 253 2260 253 253 253 253 253 253 253 386 253 253 252 252 252 252 252 252
MULTI_DOCUMENT_QA,512,2,Winner (rescaled anchor),2wikimqa,37.72,35.69,-0.447,253 253 2260 253 386 253 253 253 253 253 2260 253 253 2260 253 2260 253 253 253 253 253 253 253 386 253 253 252 252 252 252 252 252
MULTI_DOCUMENT_QA,512,2,Winner (rescaled anchor),musique,22.41,35.69,-0.447,253 253 2260 253 386 253 253 253 253 253 2260 253 253 2260 253 2260 253 253 253 253 253 253 253 386 253 253 252 252 252 252 252 252
MULTI_DOCUMENT_QA,512,3,Best heuristic,hotpotqa,47.58,36.037,-0.1,972 942 913 883 853 823 794 764 734 705 675 645 616 586 556 526 497 467 437 408 378 348 319 289 259 229 200 170 140 111 81 64
MULTI_DOCUMENT_QA,512,3,Best heuristic,2wikimqa,37.75,36.037,-0.1,972 942 913 883 853 823 794 764 734 705 675 645 616 586 556 526 497 467 437 408 378 348 319 289 259 229 200 170 140 111 81 64
MULTI_DOCUMENT_QA,512,3,Best heuristic,musique,22.78,36.037,-0.1,972 942 913 883 853 823 794 764 734 705 675 645 616 586 556 526 497 467 437 408 378 348 319 289 259 229 200 170 140 111 81 64
MULTI_DOCUMENT_QA,512,4,Best random,hotpotqa,47.19,36.327,0.19,914 548 526 312 785 675 64 191 428 353 849 473 949 509 874 581 653 93 70 512 658 64 922 797 574 555 593 64 700 404 497 197
MULTI_DOCUMENT_QA,512,4,Best random,2wikimqa,39.0,36.327,0.19,914 548 526 312 785 675 64 191 428 353 849 473 949 509 874 581 653 93 70 512 658 64 922 797 574 555 593 64 700 404 497 197
MULTI_DOCUMENT_QA,512,4,Best random,musique,22.79,36.327,0.19,914 548 526 312 785 675 64 191 428 353 849 473 949 509 874 581 653 93 70 512 658 64 922 797 574 555 593 64 700 404 497 197
MULTI_DOCUMENT_QA,512,5,Best BO,hotpotqa,46.5,35.333,-0.803,1128 64 1800 1005 1137 782 64 1116 586 64 542 1819 1589 2324 64 64 64 64 64 64 151 64 64 64 64 64 64 64 64 1189 64 64
MULTI_DOCUMENT_QA,512,5,Best BO,2wikimqa,36.85,35.333,-0.803,1128 64 1800 1005 1137 782 64 1116 586 64 542 1819 1589 2324 64 64 64 64 64 64 151 64 64 64 64 64 64 64 64 1189 64 64
MULTI_DOCUMENT_QA,512,5,Best BO,musique,22.65,35.333,-0.803,1128 64 1800 1005 1137 782 64 1116 586 64 542 1819 1589 2324 64 64 64 64 64 64 151 64 64 64 64 64 64 64 64 1189 64 64
CODE,128,1,Uniform,lcc,59.83,57.3,0.0,128 128 128 128 128 128 128 128 128 128 128 128 128 128 128 128 128 128 128 128 128 128 128 128 128 128 128 128 128 128 128 128
CODE,128,1,Uniform,repobench-p,54.77,57.3,0.0,128 128 128 128 128 128 128 128 128 128 128 128 128 128 128 128 128 128 128 128 128 128 128 128 128 128 128 128 128 128 128 128
CODE,128,2,Winner (rescaled anchor),lcc,58.66,56.935,-0.365,64 64 64 218 64 64 64 218 218 64 218 218 218 64 64 64 64 114 218 218 114 64 218 64 218 218 114 64 64 114 218 64
CODE,128,2,Winner (rescaled anchor),repobench-p,55.21,56.935,-0.365,64 64 64 218 64 64 64 218 218 64 218 218 218 64 64 64 64 114 218 218 114 64 218 64 218 218 114 64 64 114 218 64
CODE,128,3,Best heuristic,lcc,60.44,58.285,0.985,64 64 64 64 70 84 99 113 128 142 157 171 185 200 214 229 229 214 200 185 171 157 142 128 113 99 84 70 64 64 64 64
CODE,128,3,Best heuristic,repobench-p,56.13,58.285,0.985,64 64 64 64 70 84 99 113 128 142 157 171 185 200 214 229 229 214 200 185 171 157 142 128 113 99 84 70 64 64 64 64
CODE,128,4,Best random,lcc,60.01,57.385,0.085,107 203 64 124 165 64 155 197 64 64 189 79 64 118 64 64 164 64 192 208 86 135 195 177 201 136 64 197 175 189 64 64
CODE,128,4,Best random,repobench-p,54.76,57.385,0.085,107 203 64 124 165 64 155 197 64 64 189 79 64 118 64 64 164 64 192 208 86 135 195 177 201 136 64 197 175 189 64 64
CODE,128,5,Best BO,lcc,58.8,57.48,0.18,184 88 64 64 211 64 64 199 64 64 190 190 64 64 64 64 211 64 194 211 99 192 149 178 204 211 64 208 211 70 64 64
CODE,128,5,Best BO,repobench-p,56.16,57.48,0.18,184 88 64 64 211 64 64 199 64 64 190 190 64 64 64 64 211 64 194 211 99 192 149 178 204 211 64 208 211 70 64 64
CODE,256,1,Uniform,lcc,60.02,58.19,0.0,256 256 256 256 256 256 256 256 256 256 256 256 256 256 256 256 256 256 256 256 256 256 256 256 256 256 256 256 256 256 256 256
CODE,256,1,Uniform,repobench-p,56.36,58.19,0.0,256 256 256 256 256 256 256 256 256 256 256 256 256 256 256 256 256 256 256 256 256 256 256 256 256 256 256 256 256 256 256 256
CODE,256,2,Winner (rescaled anchor),lcc,60.53,58.775,0.585,64 64 64 507 87 64 64 507 507 64 507 507 506 64 64 64 64 267 506 506 267 64 506 64 506 506 267 64 64 267 506 64
CODE,256,2,Winner (rescaled anchor),repobench-p,57.02,58.775,0.585,64 64 64 507 87 64 64 507 507 64 507 507 506 64 64 64 64 267 506 506 267 64 506 64 506 506 267 64 64 267 506 64
CODE,256,3,Best heuristic,lcc,61.17,59.625,1.435,64 64 86 116 147 177 208 238 268 299 329 359 390 420 450 481 481 450 420 390 359 329 299 268 238 208 177 147 116 86 64 64
CODE,256,3,Best heuristic,repobench-p,58.08,59.625,1.435,64 64 86 116 147 177 208 238 268 299 329 359 390 420 450 481 481 450 420 390 359 329 299 268 238 208 177 147 116 86 64 64
CODE,256,4,Best random,lcc,60.92,59.1,0.91,338 161 64 64 470 160 167 314 180 438 435 321 97 116 433 245 290 231 220 300 178 120 213 410 168 281 339 452 208 358 163 258
CODE,256,4,Best random,repobench-p,57.28,59.1,0.91,338 161 64 64 470 160 167 314 180 438 435 321 97 116 433 245 290 231 220 300 178 120 213 410 168 281 339 452 208 358 163 258
CODE,256,5,Best BO,lcc,60.69,58.945,0.755,64 64 64 64 64 112 64 658 64 64 732 64 739 64 741 64 64 435 709 517 64 64 752 64 64 303 64 770 64 360 148 64
CODE,256,5,Best BO,repobench-p,57.2,58.945,0.755,64 64 64 64 64 112 64 658 64 64 732 64 739 64 741 64 64 435 709 517 64 64 752 64 64 303 64 770 64 360 148 64
CODE,512,1,Uniform,lcc,61.09,58.7,0.0,512 512 512 512 512 512 512 512 512 512 512 512 512 512 512 512 512 512 512 512 512 512 512 512 512 512 512 512 512 512 512 512
CODE,512,1,Uniform,repobench-p,56.31,58.7,0.0,512 512 512 512 512 512 512 512 512 512 512 512 512 512 512 512 512 512 512 512 512 512 512 512 512 512 512 512 512 512 512 512
CODE,512,2,Winner (rescaled anchor),lcc,61.53,59.61,0.91,115 115 115 1027 175 115 115 1027 1027 115 1027 1027 1027 115 115 115 115 540 1027 1027 540 115 1027 115 1027 1027 540 115 115 540 1027 115
CODE,512,2,Winner (rescaled anchor),repobench-p,57.69,59.61,0.91,115 115 115 1027 175 115 115 1027 1027 115 1027 1027 1027 115 115 115 115 540 1027 1027 540 115 1027 115 1027 1027 540 115 115 540 1027 115
CODE,512,3,Best heuristic,lcc,61.55,60.295,1.595,64 81 111 140 170 200 229 259 289 319 348 378 408 437 467 497 526 556 586 616 645 675 705 734 764 794 823 853 883 913 942 972
CODE,512,3,Best heuristic,repobench-p,59.04,60.295,1.595,64 81 111 140 170 200 229 259 289 319 348 378 408 437 467 497 526 556 586 616 645 675 705 734 764 794 823 853 883 913 942 972
CODE,512,4,Best random,lcc,62.6,60.62,1.92,681 325 64 64 948 322 336 632 364 882 876 648 195 234 874 494 584 465 443 606 360 241 430 827 339 567 683 910 419 721 329 521
CODE,512,4,Best random,repobench-p,58.64,60.62,1.92,681 325 64 64 948 322 336 632 364 882 876 648 195 234 874 494 584 465 443 606 360 241 430 827 339 567 683 910 419 721 329 521
CODE,512,5,Best BO,lcc,62.71,60.68,1.98,64 64 64 64 64 1936 64 64 1937 64 1383 64 64 528 1692 64 1874 64 581 329 1098 64 64 1242 64 64 64 707 959 902 64 64
CODE,512,5,Best BO,repobench-p,58.65,60.68,1.98,64 64 64 64 64 1936 64 64 1937 64 1383 64 64 528 1692 64 1874 64 581 329 1098 64 64 1242 64 64 64 707 959 902 64 64
