mean_window_length,Attention Score
1024.0,1.0152211083306206
864.0,1.184367158677843
860.0,1.2291726854112415
840.0,1.2589338514539932
822.0,1.2890962812635633
792.0,1.315727742513021
784.0,1.3634357028537327
772.0,1.392717022365994
740.0,1.4184250301784942
730.0,1.4541347079806857
710.0,1.4577406989203558
708.0,1.4911791907416452
704.0,1.5254586961534287
700.0,1.535141160753038
672.0,1.5548687405056423
670.0,1.6082617017957899
660.0,1.6560816446940105
636.0,1.694837188720703
622.0,1.724865976969401
584.0,1.7368499755859375
512.0,1.8238412645128037
504.0,2.1019743177625867
496.0,2.1130835639105903
478.0,2.121074676513672
474.0,2.189018249511719
460.0,2.28881352742513
456.0,2.297979482014974
452.0,2.3760683695475264
442.0,2.435391404893663
408.0,2.435816192626953
400.0,2.590262688530816
392.0,2.7186897277832034
256.0,2.729823727077908
238.0,3.343489329020182
128.0,3.7965299818250866
120.0,4.603565046522352
64.0,5.187381150987413
