benchmark,category,budget,method,source,era,output_rows,row0_uniform,row_idx,label,calib_score,full_score,per_dataset,budgets
longbench,CODE,1024,h2o,five_way,64,158,True,0,uniform,61.43,56.925,lcc=59.62;repobench-p=54.23,1024 1024 1024 1024 1024 1024 1024 1024 1024 1024 1024 1024 1024 1024 1024 1024 1024 1024 1024 1024 1024 1024 1024 1024 1024 1024 1024 1024 1024 1024 1024 1024
longbench,CODE,1024,h2o,five_way,64,158,True,5,heuristic,61.48,55.45,lcc=57.87;repobench-p=53.03,307 1741 307 1741 307 1741 307 1741 307 1741 307 1741 307 1741 307 1741 307 1741 307 1741 307 1741 307 1741 307 1741 307 1741 307 1741 307 1741
longbench,CODE,1024,h2o,five_way,64,158,True,6,winner,59.28,56.15,lcc=58.43;repobench-p=53.87,478 868 1650 1650 868 282 111 1650 111 184 1650 477 1650 1650 282 1650 477 1650 1650 1650 1650 111 111 1650 1650 111 1650 1650 111 1650 1650 136
longbench,CODE,1024,h2o,five_way,64,158,True,57,random,61.25,57.23,lcc=59.92;repobench-p=54.54,1111 1439 1172 310 613 555 64 1473 527 957 953 1925 1377 1000 728 945 1482 981 1074 483 1669 870 1071 1190 1072 1209 180 366 1808 1348 1348 1468
longbench,CODE,1024,h2o,five_way,64,158,True,84,bo,60.44,53.36,lcc=55.8;repobench-p=50.92,64 3165 1103 2760 331 1197 3530 2199 312 394 64 775 437 1499 110 2405 64 3667 207 3897 64 64 64 64 64 129 64 3758 64 64 125 64
longbench,CODE,1024,snapkv,five_way,64,125,True,0,uniform,60.06,56.02,lcc=58.35;repobench-p=53.69,1024 1024 1024 1024 1024 1024 1024 1024 1024 1024 1024 1024 1024 1024 1024 1024 1024 1024 1024 1024 1024 1024 1024 1024 1024 1024 1024 1024 1024 1024 1024 1024
longbench,CODE,1024,snapkv,five_way,64,125,True,3,heuristic,62.97,58.49,lcc=61.01;repobench-p=55.97,102 225 348 471 594 717 840 963 1085 1208 1331 1454 1577 1700 1823 1946 1946 1823 1700 1577 1454 1331 1208 1085 963 840 717 594 471 348 225 102
longbench,CODE,1024,snapkv,five_way,64,125,True,6,winner,62.31,58.515,lcc=61.39;repobench-p=55.64,389 254 254 254 389 254 254 254 2274 254 254 254 2274 254 2274 2274 2274 254 2273 2273 2273 389 389 1197 254 2273 1197 254 254 254 2273 2273
longbench,CODE,1024,snapkv,five_way,64,125,True,25,random,65.16,58.91,lcc=61.89;repobench-p=55.93,310 1978 186 309 887 64 1275 523 860 1602 997 2120 400 129 171 1891 1846 2035 1089 1444 965 1797 527 1462 99 515 547 1402 1397 1922 772 1247
longbench,CODE,1024,snapkv,five_way,64,125,True,77,bo,64.98,57.91,lcc=59.6;repobench-p=56.22,64 64 84 1004 252 64 509 64 2102 1128 64 2593 64 64 64 3288 411 3190 64 3260 938 2220 268 2285 1088 64 407 82 64 3446 64 3445
longbench,CODE,128,h2o,five_way,64,200,True,0,uniform,48.71,45.96,lcc=49.92;repobench-p=42.0,128 128 128 128 128 128 128 128 128 128 128 128 128 128 128 128 128 128 128 128 128 128 128 128 128 128 128 128 128 128 128 128
longbench,CODE,128,h2o,five_way,64,200,True,1,heuristic,48.48,46.31,lcc=50.05;repobench-p=42.57,64 64 64 64 64 64 64 64 68 75 82 89 97 104 111 118 125 132 139 146 153 160 167 174 181 188 195 202 209 216 223 230
longbench,CODE,128,h2o,five_way,64,200,True,6,winner,48.46,46.595,lcc=50.25;repobench-p=42.94,64 95 181 181 95 64 64 181 64 64 181 64 181 181 64 181 64 181 181 181 181 64 64 181 181 64 181 180 64 180 180 64
longbench,CODE,128,h2o,five_way,64,200,True,53,random,50.72,46.41,lcc=50.4;repobench-p=42.42,141 180 203 178 64 123 102 64 66 88 64 102 169 108 211 198 138 177 82 149 108 64 77 79 204 64 132 118 64 157 215 207
longbench,CODE,128,h2o,five_way,64,200,True,83,bo,50.36,47.135,lcc=51.33;repobench-p=42.94,64 200 64 87 64 64 64 64 64 64 212 64 64 253 204 167 248 253 124 253 222 64 64 64 247 64 64 64 64 64 222 252
longbench,CODE,128,snapkv,five_way,64,542,True,0,uniform,60.14,54.815,lcc=56.9;repobench-p=52.73,128 128 128 128 128 128 128 128 128 128 128 128 128 128 128 128 128 128 128 128 128 128 128 128 128 128 128 128 128 128 128 128
longbench,CODE,128,snapkv,five_way,64,542,True,1,heuristic,62.97,55.725,lcc=57.13;repobench-p=54.32,64 64 64 64 64 64 64 64 68 75 82 89 97 104 111 118 125 132 139 146 153 160 167 174 181 188 195 202 209 216 223 230
longbench,CODE,128,snapkv,five_way,64,542,True,6,winner,62.0,55.86,lcc=57.16;repobench-p=54.56,64 64 64 64 64 64 64 64 239 64 64 64 239 64 239 239 239 64 239 239 239 64 64 126 64 239 125 64 64 64 239 239
longbench,CODE,128,snapkv,five_way,64,542,True,54,random,62.52,54.015,lcc=56.49;repobench-p=51.54,177 206 109 188 64 142 216 126 92 64 64 64 96 93 216 154 78 144 69 209 149 194 185 90 149 64 115 179 85 64 112 139
longbench,CODE,128,snapkv,five_way,64,542,True,453,bo,63.6,56.095,lcc=57.25;repobench-p=54.94,64 64 64 116 64 64 64 108 64 64 64 263 64 76 223 181 64 64 166 64 158 182 261 263 224 64 223 190 64 203 235 64
longbench,CODE,256,h2o,five_way,64,195,True,0,uniform,52.94,49.495,lcc=53.45;repobench-p=45.54,256 256 256 256 256 256 256 256 256 256 256 256 256 256 256 256 256 256 256 256 256 256 256 256 256 256 256 256 256 256 256 256
longbench,CODE,256,h2o,five_way,64,195,True,1,heuristic,52.34,49.335,lcc=53.39;repobench-p=45.28,64 64 64 70 84 99 114 129 143 158 173 187 202 217 232 246 261 276 291 305 320 335 350 364 379 394 408 423 438 453 467 482
longbench,CODE,256,h2o,five_way,64,195,True,6,winner,54.09,50.59,lcc=54.04;repobench-p=47.14,115 210 399 399 210 68 64 399 64 64 399 115 399 399 68 399 115 399 399 399 399 64 64 399 399 64 398 398 64 398 398 64
longbench,CODE,256,h2o,five_way,64,195,True,44,random,54.59,50.31,lcc=53.8;repobench-p=46.82,64 334 209 336 309 436 337 132 194 89 307 158 236 418 256 415 312 258 373 150 371 64 133 323 398 306 189 268 117 241 168 291
longbench,CODE,256,h2o,five_way,64,195,True,189,bo,54.49,49.02,lcc=53.1;repobench-p=44.94,64 386 64 841 64 64 64 490 64 84 64 841 438 408 64 732 64 696 363 64 364 64 64 365 64 750 64 64 64 64 282 64
longbench,CODE,256,snapkv,five_way,64,216,True,0,uniform,60.71,55.675,lcc=58.23;repobench-p=53.12,256 256 256 256 256 256 256 256 256 256 256 256 256 256 256 256 256 256 256 256 256 256 256 256 256 256 256 256 256 256 256 256
longbench,CODE,256,snapkv,five_way,64,216,True,1,heuristic,62.61,57.315,lcc=59.21;repobench-p=55.42,64 64 64 70 84 99 114 129 143 158 173 187 202 217 232 246 261 276 291 305 320 335 350 364 379 394 408 423 438 453 467 482
longbench,CODE,256,snapkv,five_way,64,216,True,6,winner,62.64,57.33,lcc=59.05;repobench-p=55.61,97 64 64 64 97 64 64 64 568 64 64 64 568 64 568 568 568 64 568 568 568 97 97 299 64 568 299 64 64 64 567 567
longbench,CODE,256,snapkv,five_way,64,216,True,55,random,64.48,55.995,lcc=59.47;repobench-p=52.52,499 111 458 64 476 497 265 164 293 211 155 84 171 124 121 64 478 353 377 146 64 259 302 287 156 373 252 434 267 312 306 69
longbench,CODE,256,snapkv,five_way,64,216,True,101,bo,64.38,55.29,lcc=56.63;repobench-p=53.95,371 64 518 64 453 518 268 64 289 518 518 64 64 64 64 64 518 64 64 518 64 64 448 64 204 500 236 518 177 206 518 64
longbench,CODE,512,h2o,five_way,64,169,True,0,uniform,55.47,52.81,lcc=55.97;repobench-p=49.65,512 512 512 512 512 512 512 512 512 512 512 512 512 512 512 512 512 512 512 512 512 512 512 512 512 512 512 512 512 512 512 512
longbench,CODE,512,h2o,five_way,64,169,True,3,heuristic,56.49,54.505,lcc=58.23;repobench-p=50.78,64 112 174 235 296 358 419 481 542 603 665 726 787 849 910 971 971 910 849 787 726 665 603 542 481 419 358 296 235 174 112 64
longbench,CODE,512,h2o,five_way,64,169,True,6,winner,56.72,54.035,lcc=57.48;repobench-p=50.59,238 433 823 823 433 141 64 823 64 92 823 238 822 822 141 822 238 822 822 822 822 64 64 822 822 64 822 822 64 822 822 68
longbench,CODE,512,h2o,five_way,64,169,True,37,random,58.35,52.515,lcc=56.47;repobench-p=48.56,112 849 179 305 838 171 290 611 125 164 66 723 946 64 360 265 350 495 165 1093 1019 857 213 1189 325 633 140 439 665 574 907 1252
longbench,CODE,512,h2o,five_way,64,169,True,79,bo,56.77,52.55,lcc=55.71;repobench-p=49.39,64 591 1011 68 1045 64 64 763 64 971 64 220 1118 64 64 647 743 1118 64 645 1118 594 64 1118 178 1118 64 1003 452 64 64 1095
longbench,CODE,512,snapkv,five_way,64,148,True,0,uniform,60.75,56.735,lcc=59.16;repobench-p=54.31,512 512 512 512 512 512 512 512 512 512 512 512 512 512 512 512 512 512 512 512 512 512 512 512 512 512 512 512 512 512 512 512
longbench,CODE,512,snapkv,five_way,64,148,True,1,heuristic,62.27,58.01,lcc=59.83;repobench-p=56.19,64 81 111 140 170 200 229 259 289 319 348 378 408 437 467 497 526 556 586 616 645 675 705 734 764 794 823 853 883 913 942 972
longbench,CODE,512,snapkv,five_way,64,148,True,6,winner,62.3,58.165,lcc=60.89;repobench-p=55.44,194 127 127 127 194 127 127 127 1137 127 127 127 1137 127 1137 1137 1137 127 1137 1137 1137 194 194 598 127 1137 598 127 127 127 1137 1137
longbench,CODE,512,snapkv,five_way,64,148,True,25,random,63.42,57.775,lcc=60.47;repobench-p=55.08,154 986 93 154 442 64 636 261 428 799 497 1057 199 64 85 943 920 1015 543 720 481 896 263 729 64 257 273 699 697 958 385 622
longbench,CODE,512,snapkv,five_way,64,148,True,107,bo,63.74,55.665,lcc=58.23;repobench-p=53.1,64 64 64 64 1571 811 1333 64 465 64 64 232 394 64 64 64 952 2326 279 760 64 1117 128 64 64 64 1100 2220 1608 64 64 64
longbench,CODE,64,h2o,step3,64,0,,,uniform,,42.585,lcc=46.21;repobench-p=38.96,64 64 64 64 64 64 64 64 64 64 64 64 64 64 64 64 64 64 64 64 64 64 64 64 64 64 64 64 64 64 64 64
longbench,CODE,64,h2o,step3,64,0,,,uniform,,42.585,lcc=46.21;repobench-p=38.96,64 64 64 64 64 64 64 64 64 64 64 64 64 64 64 64 64 64 64 64 64 64 64 64 64 64 64 64 64 64 64 64
longbench,CODE,64,snapkv,step3,64,0,,,uniform,,51.74,lcc=53.36;repobench-p=50.12,64 64 64 64 64 64 64 64 64 64 64 64 64 64 64 64 64 64 64 64 64 64 64 64 64 64 64 64 64 64 64 64
longbench,CODE,64,snapkv,step3,64,0,,,uniform,,51.74,lcc=53.36;repobench-p=50.12,64 64 64 64 64 64 64 64 64 64 64 64 64 64 64 64 64 64 64 64 64 64 64 64 64 64 64 64 64 64 64 64
longbench,MULTI_DOCUMENT_QA,1024,h2o,five_way,64,200,True,0,uniform,41.1667,33.5367,hotpotqa=44.33;2wikimqa=35.56;musique=20.72,1024 1024 1024 1024 1024 1024 1024 1024 1024 1024 1024 1024 1024 1024 1024 1024 1024 1024 1024 1024 1024 1024 1024 1024 1024 1024 1024 1024 1024 1024 1024 1024
longbench,MULTI_DOCUMENT_QA,1024,h2o,five_way,64,200,True,3,heuristic,41.51,34.0633,hotpotqa=45.83;2wikimqa=35.64;musique=20.72,102 225 348 471 594 717 840 963 1085 1208 1331 1454 1577 1700 1823 1946 1946 1823 1700 1577 1454 1331 1208 1085 963 840 717 594 471 348 225 102
longbench,MULTI_DOCUMENT_QA,1024,h2o,five_way,64,200,True,6,winner,43.0367,34.3767,hotpotqa=45.38;2wikimqa=36.07;musique=21.68,2193 375 245 2193 245 245 2193 1154 245 245 2193 2192 245 2192 2192 1154 2192 635 245 245 1154 245 245 245 375 245 245 2192 375 245 2192 2192
longbench,MULTI_DOCUMENT_QA,1024,h2o,five_way,64,200,True,59,random,42.11,33.6633,hotpotqa=44.71;2wikimqa=35.67;musique=20.61,645 1679 1102 1399 171 661 1231 238 1398 1831 1078 797 779 515 864 1219 1763 866 182 1729 64 1359 1900 629 1709 1548 1418 685 410 920 272 1707
longbench,MULTI_DOCUMENT_QA,1024,h2o,five_way,64,200,True,87,bo,43.91,34.9267,hotpotqa=46.54;2wikimqa=36.94;musique=21.3,64 64 118 64 64 64 1732 1339 64 64 1673 3189 64 2901 2871 1402 2527 3137 64 64 3801 64 910 64 64 64 64 3737 64 64 1171 1172
longbench,MULTI_DOCUMENT_QA,1024,snapkv,five_way,64,196,True,0,uniform,42.1067,35.8667,hotpotqa=47.18;2wikimqa=38.4;musique=22.02,1024 1024 1024 1024 1024 1024 1024 1024 1024 1024 1024 1024 1024 1024 1024 1024 1024 1024 1024 1024 1024 1024 1024 1024 1024 1024 1024 1024 1024 1024 1024 1024
longbench,MULTI_DOCUMENT_QA,1024,snapkv,five_way,64,196,True,2,heuristic,43.0567,36.0367,hotpotqa=47.23;2wikimqa=38.13;musique=22.75,1946 1886 1827 1767 1708 1648 1589 1529 1470 1410 1351 1292 1232 1173 1113 1054 994 935 875 816 756 697 638 578 519 459 400 340 281 221 162 102
longbench,MULTI_DOCUMENT_QA,1024,snapkv,five_way,64,196,True,6,winner,42.1067,36.26,hotpotqa=47.86;2wikimqa=38.73;musique=22.19,374 374 3345 374 573 3345 374 374 573 572 3345 374 374 572 3345 969 374 374 1761 374 3345 374 374 374 3345 374 374 374 374 374 374 572
longbench,MULTI_DOCUMENT_QA,1024,snapkv,five_way,64,196,True,49,random,43.61,36.14,hotpotqa=47.46;2wikimqa=38.57;musique=22.39,1696 1427 1511 1578 1034 1760 112 1485 160 1516 1368 528 1470 185 1507 1504 855 279 970 857 1158 681 136 1714 359 803 142 951 928 1682 1801 611
longbench,MULTI_DOCUMENT_QA,1024,snapkv,five_way,64,196,True,152,bo,43.78,35.88,hotpotqa=47.07;2wikimqa=37.93;musique=22.64,1555 64 2444 2444 158 64 2420 795 64 1307 500 64 2407 64 1430 64 863 64 2436 652 1602 213 113 648 2427 597 195 2008 281 2328 2433 64
longbench,MULTI_DOCUMENT_QA,128,h2o,five_way,64,200,True,0,uniform,38.2767,32.57,hotpotqa=43.42;2wikimqa=33.38;musique=20.91,128 128 128 128 128 128 128 128 128 128 128 128 128 128 128 128 128 128 128 128 128 128 128 128 128 128 128 128 128 128 128 128
longbench,MULTI_DOCUMENT_QA,128,h2o,five_way,64,200,True,1,heuristic,38.9033,32.0133,hotpotqa=43.18;2wikimqa=32.68;musique=20.18,64 64 64 64 64 64 64 64 68 75 82 89 97 104 111 118 125 132 139 146 153 160 167 174 181 188 195 202 209 216 223 230
longbench,MULTI_DOCUMENT_QA,128,h2o,five_way,64,200,True,6,winner,36.73,32.1633,hotpotqa=43.8;2wikimqa=32.78;musique=19.91,234 64 64 234 64 64 234 123 64 64 234 234 64 234 234 123 234 67 64 64 123 64 64 64 64 64 64 234 64 64 233 233
longbench,MULTI_DOCUMENT_QA,128,h2o,five_way,64,200,True,50,random,40.8,31.7867,hotpotqa=43.01;2wikimqa=32.0;musique=20.35,74 64 64 85 83 197 118 99 112 143 64 142 96 128 184 178 64 216 208 73 205 204 223 213 121 85 194 64 103 137 91 64
longbench,MULTI_DOCUMENT_QA,128,h2o,five_way,64,200,True,156,bo,41.2533,31.0033,hotpotqa=41.66;2wikimqa=30.55;musique=20.8,64 64 64 64 64 64 64 64 64 168 64 99 85 102 181 271 73 284 184 64 111 100 285 300 157 64 300 64 64 136 300 64
longbench,MULTI_DOCUMENT_QA,128,snapkv,five_way,64,1000,True,0,uniform,40.1333,34.82,hotpotqa=45.94;2wikimqa=36.39;musique=22.13,128 128 128 128 128 128 128 128 128 128 128 128 128 128 128 128 128 128 128 128 128 128 128 128 128 128 128 128 128 128 128 128
longbench,MULTI_DOCUMENT_QA,128,snapkv,five_way,64,1000,True,3,heuristic,42.6133,34.94,hotpotqa=46.69;2wikimqa=36.15;musique=21.98,64 64 64 64 70 84 99 113 128 142 157 171 185 200 214 229 229 214 200 185 171 157 142 128 113 99 84 70 64 64 64 64
longbench,MULTI_DOCUMENT_QA,128,snapkv,five_way,64,1000,True,6,winner,40.1067,35.0233,hotpotqa=46.02;2wikimqa=36.28;musique=22.77,64 64 376 64 64 376 64 64 64 64 376 64 64 64 375 109 64 64 198 64 375 64 64 64 375 64 64 64 64 64 64 64
longbench,MULTI_DOCUMENT_QA,128,snapkv,five_way,64,1000,True,12,random,43.7533,34.6467,hotpotqa=45.95;2wikimqa=35.49;musique=22.5,104 115 64 90 64 163 70 175 201 209 64 64 131 64 122 95 138 131 137 215 207 64 64 181 194 109 202 95 142 217 141 64
longbench,MULTI_DOCUMENT_QA,128,snapkv,five_way,64,1000,True,886,bo,43.92,34.3033,hotpotqa=44.79;2wikimqa=35.51;musique=22.61,64 314 64 153 64 314 172 312 92 311 64 64 220 64 64 64 198 64 208 64 64 64 64 86 83 139 144 225 101 64 64 64
longbench,MULTI_DOCUMENT_QA,256,h2o,five_way,64,200,True,0,uniform,38.3533,32.45,hotpotqa=44.03;2wikimqa=33.42;musique=19.9,256 256 256 256 256 256 256 256 256 256 256 256 256 256 256 256 256 256 256 256 256 256 256 256 256 256 256 256 256 256 256 256
longbench,MULTI_DOCUMENT_QA,256,h2o,five_way,64,200,True,2,heuristic,42.0933,32.4867,hotpotqa=43.4;2wikimqa=33.47;musique=20.59,482 467 453 438 423 408 394 379 364 350 335 320 305 291 276 261 246 232 217 202 187 173 158 143 129 114 99 84 70 64 64 64
longbench,MULTI_DOCUMENT_QA,256,h2o,five_way,64,200,True,6,winner,41.4367,32.8633,hotpotqa=43.58;2wikimqa=34.42;musique=20.59,545 94 64 545 64 64 545 287 64 64 545 545 64 545 545 287 545 158 64 64 287 64 64 64 94 64 64 545 94 64 545 545
longbench,MULTI_DOCUMENT_QA,256,h2o,five_way,64,200,True,59,random,41.15,32.92,hotpotqa=44.88;2wikimqa=33.94;musique=19.94,159 415 272 346 64 163 304 64 346 452 267 197 192 127 214 301 436 214 64 427 64 336 470 156 423 383 350 169 101 227 67 422
longbench,MULTI_DOCUMENT_QA,256,h2o,five_way,64,200,True,199,bo,42.4667,32.7567,hotpotqa=45.17;2wikimqa=32.49;musique=20.61,167 670 697 64 765 64 708 298 64 112 64 456 698 578 572 338 350 64 64 64 495 64 64 64 200 64 64 64 64 64 64 64
longbench,MULTI_DOCUMENT_QA,256,snapkv,five_way,64,650,True,0,uniform,42.1067,35.6,hotpotqa=46.94;2wikimqa=37.5;musique=22.36,256 256 256 256 256 256 256 256 256 256 256 256 256 256 256 256 256 256 256 256 256 256 256 256 256 256 256 256 256 256 256 256
longbench,MULTI_DOCUMENT_QA,256,snapkv,five_way,64,650,True,2,heuristic,42.1067,35.4933,hotpotqa=46.4;2wikimqa=37.86;musique=22.22,482 467 453 438 423 408 394 379 364 350 335 320 305 291 276 261 246 232 217 202 187 173 158 143 129 114 99 84 70 64 64 64
longbench,MULTI_DOCUMENT_QA,256,snapkv,five_way,64,650,True,6,winner,43.3833,36.31,hotpotqa=47.05;2wikimqa=38.58;musique=23.3,94 94 836 94 143 836 94 94 143 143 836 94 94 143 836 242 94 94 440 94 836 94 94 93 836 93 93 93 93 93 93 143
longbench,MULTI_DOCUMENT_QA,256,snapkv,five_way,64,650,True,7,random,43.4933,35.6767,hotpotqa=46.37;2wikimqa=37.49;musique=23.17,264 312 194 94 130 268 129 436 469 283 430 110 82 225 300 320 99 287 465 375 308 127 282 118 278 168 277 407 64 64 385 442
longbench,MULTI_DOCUMENT_QA,256,snapkv,five_way,64,650,True,622,bo,44.5067,35.2233,hotpotqa=46.61;2wikimqa=36.68;musique=22.38,124 64 840 64 64 1164 64 64 64 64 659 64 64 64 763 64 64 64 64 753 217 64 906 111 64 392 64 919 64 64 64 64
longbench,MULTI_DOCUMENT_QA,512,h2o,five_way,64,200,True,0,uniform,40.3233,32.98,hotpotqa=43.9;2wikimqa=34.29;musique=20.75,512 512 512 512 512 512 512 512 512 512 512 512 512 512 512 512 512 512 512 512 512 512 512 512 512 512 512 512 512 512 512 512
longbench,MULTI_DOCUMENT_QA,512,h2o,five_way,64,200,True,3,heuristic,40.8567,33.5,hotpotqa=44.65;2wikimqa=34.8;musique=21.05,64 112 174 235 296 358 419 481 542 603 665 726 787 849 910 971 971 910 849 787 726 665 603 542 481 419 358 296 235 174 112 64
longbench,MULTI_DOCUMENT_QA,512,h2o,five_way,64,200,True,6,winner,40.4633,34.33,hotpotqa=45.75;2wikimqa=35.92;musique=21.32,1096 187 123 1096 123 123 1096 577 123 123 1096 1096 123 1096 1096 577 1096 317 123 123 577 123 123 123 187 122 122 1096 187 122 1096 1096
longbench,MULTI_DOCUMENT_QA,512,h2o,five_way,64,200,True,40,random,41.6633,32.94,hotpotqa=44.2;2wikimqa=34.05;musique=20.57,486 411 398 947 225 67 320 564 628 968 151 544 716 959 741 855 232 241 64 509 687 144 804 436 972 887 374 895 586 64 108 401
longbench,MULTI_DOCUMENT_QA,512,h2o,five_way,64,200,True,98,bo,41.2567,33.03,hotpotqa=45.03;2wikimqa=33.87;musique=20.19,1014 64 64 1193 64 64 1615 1597 64 64 64 307 64 1240 313 1615 64 634 64 64 1218 1295 64 64 64 1365 339 64 499 64 64 1052
longbench,MULTI_DOCUMENT_QA,512,snapkv,five_way,64,151,True,0,uniform,42.1067,35.7667,hotpotqa=46.72;2wikimqa=37.98;musique=22.6,512 512 512 512 512 512 512 512 512 512 512 512 512 512 512 512 512 512 512 512 512 512 512 512 512 512 512 512 512 512 512 512
longbench,MULTI_DOCUMENT_QA,512,snapkv,five_way,64,151,True,4,heuristic,42.9267,34.7433,hotpotqa=46.05;2wikimqa=35.67;musique=22.51,971 910 849 787 726 665 603 542 481 419 358 296 235 174 112 64 64 112 174 235 296 358 419 481 542 603 665 726 787 849 910 971
longbench,MULTI_DOCUMENT_QA,512,snapkv,five_way,64,151,True,6,winner,42.1067,35.7267,hotpotqa=47.2;2wikimqa=37.69;musique=22.29,187 187 1673 187 286 1673 187 187 286 286 1673 187 187 286 1673 484 187 187 880 187 1673 187 187 187 1672 187 187 187 187 187 187 286
longbench,MULTI_DOCUMENT_QA,512,snapkv,five_way,64,151,True,40,random,43.5667,35.5533,hotpotqa=47.17;2wikimqa=36.94;musique=22.55,486 411 398 947 225 67 320 564 628 968 151 544 716 959 741 855 232 241 64 509 687 144 804 436 972 887 374 895 586 64 108 401
longbench,MULTI_DOCUMENT_QA,512,snapkv,five_way,64,151,True,110,bo,43.1367,35.3433,hotpotqa=46.71;2wikimqa=37.04;musique=22.28,64 274 943 458 64 64 64 757 279 1965 64 64 671 64 1293 64 371 456 64 569 696 178 79 64 1365 2204 64 2228 702 64 64 64
longbench,MULTI_DOCUMENT_QA,64,h2o,step3,64,0,,,uniform,,30.6,hotpotqa=42.31;2wikimqa=28.82;musique=20.67,64 64 64 64 64 64 64 64 64 64 64 64 64 64 64 64 64 64 64 64 64 64 64 64 64 64 64 64 64 64 64 64
longbench,MULTI_DOCUMENT_QA,64,h2o,step3,64,0,,,uniform,,30.6,hotpotqa=42.31;2wikimqa=28.82;musique=20.67,64 64 64 64 64 64 64 64 64 64 64 64 64 64 64 64 64 64 64 64 64 64 64 64 64 64 64 64 64 64 64 64
longbench,MULTI_DOCUMENT_QA,64,snapkv,step3,64,0,,,uniform,,33.8867,hotpotqa=44.32;2wikimqa=35.34;musique=22.0,64 64 64 64 64 64 64 64 64 64 64 64 64 64 64 64 64 64 64 64 64 64 64 64 64 64 64 64 64 64 64 64
longbench,MULTI_DOCUMENT_QA,64,snapkv,step3,64,0,,,winner,,32.7767,hotpotqa=44.69;2wikimqa=31.54;musique=22.1,24 24 209 24 36 209 24 24 36 36 209 24 23 36 209 61 23 23 110 23 209 23 23 23 209 23 23 23 23 23 23 36
ruler,RULER_ALL,1024,h2o,slice_eval,16,151,True,0,uniform,44.3427,44.35,niah_single_1=10.2;niah_single_2=44.2;niah_single_3=0.0;niah_multikey_1=47.0;niah_multikey_2=57.6;niah_multikey_3=7.6;niah_multiquery=24.75;niah_multivalue=30.35;cwe=98.26;fwe=96.33;vt=71.56,1024 1024 1024 1024 1024 1024 1024 1024 1024 1024 1024 1024 1024 1024 1024 1024 1024 1024 1024 1024 1024 1024 1024 1024 1024 1024 1024 1024 1024 1024 1024 1024
ruler,RULER_ALL,1024,h2o,slice_eval,16,151,True,6,winner,53.6064,53.4227,niah_single_1=33.0;niah_single_2=60.2;niah_single_3=0.0;niah_multikey_1=51.4;niah_multikey_2=82.8;niah_multikey_3=27.0;niah_multiquery=29.85;niah_multivalue=35.45;cwe=97.68;fwe=94.87;vt=75.4,1839 1839 1839 315 124 124 315 1839 1839 124 1839 1839 1839 1839 1839 1839 1839 1839 124 124 314 314 124 1839 1839 124 124 1839 124 124 532 314
ruler,RULER_ALL,1024,h2o,slice_eval,16,151,True,56,random,51.8727,53.0245,niah_single_1=26.2;niah_single_2=67.4;niah_single_3=0.0;niah_multikey_1=52.4;niah_multikey_2=62.2;niah_multikey_3=27.8;niah_multiquery=35.25;niah_multivalue=40.85;cwe=97.24;fwe=95.93;vt=78.0,345 605 1390 1327 230 1848 180 1496 1126 503 1591 1070 1120 1725 1942 882 1941 435 872 250 519 327 901 1800 1563 285 1785 1439 308 546 906 1511
ruler,RULER_ALL,1024,h2o,slice_eval,16,151,True,109,bo,62.8427,62.5245,niah_single_1=96.6;niah_single_2=92.0;niah_single_3=63.0;niah_multikey_1=80.2;niah_multikey_2=75.8;niah_multikey_3=1.0;niah_multiquery=62.4;niah_multivalue=63.7;cwe=21.46;fwe=77.53;vt=54.08,4096 16 16 16 16 16 16 1521 16 16 3427 427 1604 16 4096 4096 16 16 1704 16 16 16 16 3269 4096 16 16 4096 16 16 16 16
ruler,RULER_ALL,1024,snapkv,slice_eval,16,134,True,0,uniform,85.3455,85.6664,niah_single_1=100.0;niah_single_2=100.0;niah_single_3=64.8;niah_multikey_1=99.4;niah_multikey_2=99.8;niah_multikey_3=0.6;niah_multiquery=99.75;niah_multivalue=98.75;cwe=96.12;fwe=84.67;vt=98.44,1024 1024 1024 1024 1024 1024 1024 1024 1024 1024 1024 1024 1024 1024 1024 1024 1024 1024 1024 1024 1024 1024 1024 1024 1024 1024 1024 1024 1024 1024 1024 1024
ruler,RULER_ALL,1024,snapkv,slice_eval,16,134,True,6,winner,91.0973,91.4591,niah_single_1=100.0;niah_single_2=100.0;niah_single_3=92.2;niah_multikey_1=99.6;niah_multikey_2=99.8;niah_multikey_3=35.6;niah_multiquery=99.6;niah_multivalue=98.55;cwe=95.34;fwe=88.2;vt=97.16,150 382 1175 250 150 2232 382 646 1175 184 2232 1175 250 646 2232 2232 2232 2232 150 150 2232 250 2232 2232 2232 646 382 1175 150 184 646 150
ruler,RULER_ALL,1024,snapkv,slice_eval,16,134,True,51,random,87.3182,87.0664,niah_single_1=100.0;niah_single_2=100.0;niah_single_3=81.4;niah_multikey_1=99.2;niah_multikey_2=100.0;niah_multikey_3=5.2;niah_multiquery=99.7;niah_multivalue=99.1;cwe=90.3;fwe=84.87;vt=97.96,1089 667 589 889 842 1700 1672 623 1104 1452 932 1578 152 1400 1304 1771 1496 873 1739 360 1449 198 1621 877 861 1808 16 1717 570 645 91 683
ruler,RULER_ALL,1024,snapkv,slice_eval,16,134,True,93,bo,93.2155,93.7982,niah_single_1=100.0;niah_single_2=100.0;niah_single_3=94.2;niah_multikey_1=99.2;niah_multikey_2=99.6;niah_multikey_3=67.8;niah_multiquery=99.35;niah_multivalue=97.75;cwe=88.16;fwe=89.8;vt=95.92,954 226 943 16 16 1129 16 557 2282 612 2679 307 16 341 2677 2679 2679 2542 27 16 2674 16 1812 2672 2674 1086 206 850 16 16 16 16
ruler,RULER_ALL,128,h2o,five_way,64,143,True,0,uniform,12.5882,12.1945,niah_single_1=2.8;niah_single_2=2.8;niah_single_3=0.0;niah_multikey_1=4.8;niah_multikey_2=4.6;niah_multikey_3=0.0;niah_multiquery=1.8;niah_multivalue=1.75;cwe=30.28;fwe=78.87;vt=6.44,128 128 128 128 128 128 128 128 128 128 128 128 128 128 128 128 128 128 128 128 128 128 128 128 128 128 128 128 128 128 128 128
ruler,RULER_ALL,128,h2o,five_way,64,143,True,1,heuristic,13.2791,12.0791,niah_single_1=1.8;niah_single_2=3.8;niah_single_3=0.0;niah_multikey_1=5.2;niah_multikey_2=4.8;niah_multikey_3=0.0;niah_multiquery=1.45;niah_multivalue=2.6;cwe=28.06;fwe=79.2;vt=5.96,64 64 64 64 64 64 64 64 68 75 82 89 97 104 111 118 125 132 139 146 153 160 167 174 181 188 195 202 209 216 223 230
ruler,RULER_ALL,128,h2o,five_way,64,143,True,6,heuristic,12.77,11.7264,niah_single_1=3.0;niah_single_2=2.4;niah_single_3=0.0;niah_multikey_1=4.6;niah_multikey_2=5.6;niah_multikey_3=0.0;niah_multiquery=1.7;niah_multivalue=2.2;cwe=27.56;fwe=76.33;vt=5.6,90 166 90 166 90 166 90 166 90 166 90 166 90 166 90 166 90 166 90 166 90 166 90 166 90 166 90 166 90 166 90 166
ruler,RULER_ALL,128,h2o,five_way,64,143,True,7,random,14.7027,13.5618,niah_single_1=4.8;niah_single_2=2.4;niah_single_3=0.0;niah_multikey_1=5.0;niah_multikey_2=5.2;niah_multikey_3=0.0;niah_multiquery=3.3;niah_multivalue=3.55;cwe=31.96;fwe=84.33;vt=8.64,127 150 93 64 64 129 64 210 226 136 207 64 64 109 144 154 64 138 224 181 148 64 136 64 134 81 134 196 64 64 186 213
ruler,RULER_ALL,128,h2o,five_way,64,143,True,90,bo,18.1155,15.3882,niah_single_1=13.6;niah_single_2=2.8;niah_single_3=0.0;niah_multikey_1=7.4;niah_multikey_2=10.8;niah_multikey_3=0.0;niah_multiquery=3.7;niah_multivalue=5.9;cwe=29.6;fwe=86.07;vt=9.4,64 64 64 64 64 64 64 64 289 64 260 205 64 64 289 215 64 289 289 64 70 64 108 64 289 64 127 285 64 64 165 64
ruler,RULER_ALL,128,h2o,step3,64,0,,,winner,,12.2218,niah_single_1=1.8;niah_single_2=1.8;niah_single_3=0.0;niah_multikey_1=2.4;niah_multikey_2=6.4;niah_multikey_3=0.0;niah_multiquery=2.1;niah_multivalue=2.55;cwe=31.5;fwe=79.53;vt=6.36,192 192 192 64 64 64 64 192 192 64 192 192 192 192 192 192 192 192 64 64 64 64 64 192 192 64 64 192 64 64 64 64
ruler,RULER_ALL,128,snapkv,five_way,64,125,True,0,uniform,51.3545,51.5645,niah_single_1=100.0;niah_single_2=98.6;niah_single_3=0.2;niah_multikey_1=98.0;niah_multikey_2=72.8;niah_multikey_3=0.0;niah_multiquery=36.2;niah_multivalue=53.1;cwe=8.22;fwe=49.53;vt=50.56,128 128 128 128 128 128 128 128 128 128 128 128 128 128 128 128 128 128 128 128 128 128 128 128 128 128 128 128 128 128 128 128
ruler,RULER_ALL,128,snapkv,five_way,64,125,True,0,uniform,51.3545,51.5645,niah_single_1=100.0;niah_single_2=98.6;niah_single_3=0.2;niah_multikey_1=98.0;niah_multikey_2=72.8;niah_multikey_3=0.0;niah_multiquery=36.2;niah_multivalue=53.1;cwe=8.22;fwe=49.53;vt=50.56,128 128 128 128 128 128 128 128 128 128 128 128 128 128 128 128 128 128 128 128 128 128 128 128 128 128 128 128 128 128 128 128
ruler,RULER_ALL,128,snapkv,five_way,64,125,True,6,heuristic,53.4755,53.6127,niah_single_1=100.0;niah_single_2=97.6;niah_single_3=0.2;niah_multikey_1=97.4;niah_multikey_2=81.4;niah_multikey_3=0.0;niah_multiquery=44.2;niah_multivalue=53.35;cwe=7.66;fwe=48.13;vt=59.8,64 64 64 64 70 84 99 113 128 142 157 171 185 200 214 229 229 214 200 185 171 157 142 128 113 99 84 70 64 64 64 64
ruler,RULER_ALL,128,snapkv,five_way,64,125,True,9,winner,58.2545,58.3664,niah_single_1=100.0;niah_single_2=98.4;niah_single_3=0.2;niah_multikey_1=98.4;niah_multikey_2=91.4;niah_multikey_3=0.0;niah_multiquery=57.8;niah_multivalue=64.05;cwe=9.26;fwe=56.4;vt=66.12,64 64 127 64 64 242 64 70 127 64 242 127 64 70 241 241 241 241 64 64 241 64 241 241 241 70 64 127 64 64 70 64
ruler,RULER_ALL,128,snapkv,five_way,64,125,True,67,bo,56.5518,55.9145,niah_single_1=100.0;niah_single_2=99.6;niah_single_3=0.0;niah_multikey_1=98.4;niah_multikey_2=89.2;niah_multikey_3=0.0;niah_multiquery=48.8;niah_multivalue=63.95;cwe=8.02;fwe=51.53;vt=55.56,123 64 280 64 64 280 64 64 98 64 119 87 64 64 280 280 111 280 64 64 280 64 239 280 118 64 64 153 64 64 64 64
ruler,RULER_ALL,1536,h2o,slice_eval,16,111,True,0,uniform,51.2882,53.3864,niah_single_1=16.2;niah_single_2=58.8;niah_single_3=0.0;niah_multikey_1=61.0;niah_multikey_2=71.8;niah_multikey_3=24.6;niah_multiquery=35.65;niah_multivalue=44.35;cwe=99.32;fwe=95.13;vt=80.4,1536 1536 1536 1536 1536 1536 1536 1536 1536 1536 1536 1536 1536 1536 1536 1536 1536 1536 1536 1536 1536 1536 1536 1536 1536 1536 1536 1536 1536 1536 1536 1536
ruler,RULER_ALL,1536,h2o,slice_eval,16,111,True,6,winner,69.0573,70.8791,niah_single_1=71.0;niah_single_2=83.6;niah_single_3=0.0;niah_multikey_1=69.4;niah_multikey_2=95.0;niah_multikey_3=77.0;niah_multiquery=49.9;niah_multivalue=55.9;cwe=98.96;fwe=95.07;vt=83.84,2759 2759 2759 472 186 186 472 2759 2759 186 2758 2758 2758 2758 2758 2758 2758 2758 186 186 472 472 186 2758 2758 186 186 2758 186 186 799 472
ruler,RULER_ALL,1536,h2o,slice_eval,16,111,True,56,random,70.3391,70.4027,niah_single_1=59.6;niah_single_2=89.6;niah_single_3=0.0;niah_multikey_1=69.4;niah_multikey_2=85.2;niah_multikey_3=77.2;niah_multiquery=54.9;niah_multivalue=58.05;cwe=99.12;fwe=95.2;vt=86.16,518 908 2085 1990 346 2772 271 2244 1689 755 2387 1604 1680 2588 2912 1323 2911 652 1308 375 778 491 1351 2700 2344 427 2677 2159 463 819 1359 2266
ruler,RULER_ALL,1536,h2o,slice_eval,16,111,True,70,bo,85.9727,86.0482,niah_single_1=96.2;niah_single_2=96.8;niah_single_3=65.0;niah_multikey_1=98.0;niah_multikey_2=99.4;niah_multikey_3=51.6;niah_multiquery=80.8;niah_multivalue=77.6;cwe=98.52;fwe=95.73;vt=86.88,820 820 820 820 820 819 819 819 819 4096 4096 819 819 819 4096 819 4096 819 819 819 819 4096 819 819 4096 4096 819 819 819 819 819 819
ruler,RULER_ALL,1536,snapkv,slice_eval,16,104,True,0,uniform,88.6609,88.62,niah_single_1=100.0;niah_single_2=100.0;niah_single_3=83.8;niah_multikey_1=99.4;niah_multikey_2=100.0;niah_multikey_3=6.8;niah_multiquery=100.0;niah_multivalue=98.85;cwe=98.96;fwe=88.13;vt=98.88,1536 1536 1536 1536 1536 1536 1536 1536 1536 1536 1536 1536 1536 1536 1536 1536 1536 1536 1536 1536 1536 1536 1536 1536 1536 1536 1536 1536 1536 1536 1536 1536
ruler,RULER_ALL,1536,snapkv,slice_eval,16,104,True,6,winner,98.3882,98.3536,niah_single_1=100.0;niah_single_2=100.0;niah_single_3=99.4;niah_multikey_1=99.4;niah_multikey_2=99.8;niah_multikey_3=97.2;niah_multiquery=99.75;niah_multivalue=98.75;cwe=98.28;fwe=90.87;vt=98.44,226 573 1762 375 226 3348 573 969 1762 275 3348 1762 374 969 3348 3348 3348 3348 226 226 3348 374 3348 3348 3348 969 573 1762 226 275 969 226
ruler,RULER_ALL,1536,snapkv,slice_eval,16,104,True,56,random,96.9909,96.8636,niah_single_1=100.0;niah_single_2=100.0;niah_single_3=95.8;niah_multikey_1=99.4;niah_multikey_2=100.0;niah_multikey_3=86.0;niah_multiquery=99.9;niah_multivalue=99.05;cwe=98.4;fwe=88.07;vt=98.88,518 908 2085 1990 346 2772 271 2244 1689 755 2387 1604 1680 2588 2912 1323 2911 652 1308 375 778 491 1351 2700 2344 427 2677 2159 463 819 1359 2266
ruler,RULER_ALL,2048,h2o,slice_eval,64,128,True,0,uniform,63.3664,62.8173,niah_single_1=24.0;niah_single_2=79.4;niah_single_3=0.0;niah_multikey_1=70.4;niah_multikey_2=83.2;niah_multikey_3=48.6;niah_multiquery=47.65;niah_multivalue=57.95;cwe=99.62;fwe=95.13;vt=85.04,2048 2048 2048 2048 2048 2048 2048 2048 2048 2048 2048 2048 2048 2048 2048 2048 2048 2048 2048 2048 2048 2048 2048 2048 2048 2048 2048 2048 2048 2048 2048 2048
ruler,RULER_ALL,2048,h2o,slice_eval,64,128,True,3,heuristic,91.2818,92.51,niah_single_1=97.8;niah_single_2=99.0;niah_single_3=80.4;niah_multikey_1=95.8;niah_multikey_2=100.0;niah_multikey_3=87.2;niah_multiquery=83.1;niah_multivalue=86.9;cwe=99.48;fwe=93.33;vt=94.6,205 451 696 942 1188 1434 1679 1925 2171 2417 2662 2908 3154 3400 3645 3891 3891 3645 3400 3154 2908 2662 2417 2171 1925 1679 1434 1188 942 696 451 205
ruler,RULER_ALL,2048,h2o,slice_eval,64,128,True,56,random,93.9118,93.0945,niah_single_1=96.4;niah_single_2=99.2;niah_single_3=72.6;niah_multikey_1=98.6;niah_multikey_2=99.4;niah_multikey_3=95.8;niah_multiquery=89.75;niah_multivalue=87.1;cwe=99.62;fwe=93.53;vt=92.04,691 1211 2781 2653 461 3696 361 2992 2252 1006 3183 2139 2241 3451 3883 1764 3881 870 1744 499 1037 654 1802 3600 3126 569 3569 2878 617 1092 1812 3021
ruler,RULER_ALL,2048,h2o,slice_eval,64,128,True,87,bo,95.7245,96.1382,niah_single_1=100.0;niah_single_2=100.0;niah_single_3=99.4;niah_multikey_1=99.6;niah_multikey_2=99.0;niah_multikey_3=98.6;niah_multiquery=90.65;niah_multivalue=82.3;cwe=98.76;fwe=94.73;vt=94.48,647 4096 647 647 4096 4096 647 4096 4096 4096 4096 647 647 647 4096 4096 4096 647 647 647 647 647 646 4096 4096 646 4096 646 646 646 648 646
ruler,RULER_ALL,2048,h2o,step3,64,0,,,winner,,88.3082,niah_single_1=99.6;niah_single_2=100.0;niah_single_3=38.6;niah_multikey_1=88.8;niah_multikey_2=100.0;niah_multikey_3=91.0;niah_multiquery=84.05;niah_multivalue=80.15;cwe=99.18;fwe=93.93;vt=96.08,3678 3678 3678 629 248 248 629 3678 3678 248 3678 3678 3678 3678 3678 3678 3678 3678 248 248 629 629 248 3678 3678 248 248 3677 248 248 1064 629
ruler,RULER_ALL,2048,snapkv,slice_eval,16,104,True,0,uniform,92.4064,92.9273,niah_single_1=100.0;niah_single_2=100.0;niah_single_3=92.8;niah_multikey_1=99.4;niah_multikey_2=100.0;niah_multikey_3=43.0;niah_multiquery=99.9;niah_multivalue=98.9;cwe=99.56;fwe=89.4;vt=99.24,2048 2048 2048 2048 2048 2048 2048 2048 2048 2048 2048 2048 2048 2048 2048 2048 2048 2048 2048 2048 2048 2048 2048 2048 2048 2048 2048 2048 2048 2048 2048 2048
ruler,RULER_ALL,2048,snapkv,slice_eval,16,104,True,6,winner,98.8755,98.9073,niah_single_1=100.0;niah_single_2=100.0;niah_single_3=100.0;niah_multikey_1=99.6;niah_multikey_2=100.0;niah_multikey_3=98.6;niah_multiquery=99.9;niah_multivalue=98.8;cwe=99.6;fwe=92.6;vt=98.88,354 898 2764 587 354 4096 898 1520 2763 432 4096 2763 587 1520 4096 4096 4096 4096 354 354 4096 587 4096 4096 4096 1520 898 2763 354 432 1520 354
ruler,RULER_ALL,2048,snapkv,slice_eval,16,104,True,56,random,98.3791,98.3545,niah_single_1=100.0;niah_single_2=100.0;niah_single_3=99.4;niah_multikey_1=99.6;niah_multikey_2=100.0;niah_multikey_3=96.0;niah_multiquery=99.95;niah_multivalue=98.9;cwe=99.1;fwe=89.87;vt=99.08,691 1211 2781 2653 461 3696 361 2992 2252 1006 3183 2139 2241 3451 3883 1764 3881 870 1744 499 1037 654 1802 3600 3126 569 3569 2878 617 1092 1812 3021
ruler,RULER_ALL,256,h2o,step3,16,0,,,winner,,19.61,niah_single_1=2.4;niah_single_2=6.8;niah_single_3=0.0;niah_multikey_1=14.6;niah_multikey_2=24.0;niah_multikey_3=0.2;niah_multiquery=6.7;niah_multivalue=6.6;cwe=54.02;fwe=89.87;vt=10.52,460 460 460 78 31 31 78 460 460 31 460 460 460 460 460 460 460 460 31 31 78 78 31 460 460 31 31 459 31 31 133 78
ruler,RULER_ALL,256,snapkv,five_way,64,80,True,0,uniform,68.2636,68.0636,niah_single_1=100.0;niah_single_2=99.8;niah_single_3=1.4;niah_multikey_1=99.4;niah_multikey_2=93.0;niah_multikey_3=0.0;niah_multiquery=82.5;niah_multivalue=84.5;cwe=30.78;fwe=68.0;vt=89.32,256 256 256 256 256 256 256 256 256 256 256 256 256 256 256 256 256 256 256 256 256 256 256 256 256 256 256 256 256 256 256 256
ruler,RULER_ALL,256,snapkv,five_way,64,80,True,3,heuristic,67.1273,67.9518,niah_single_1=100.0;niah_single_2=99.2;niah_single_3=4.6;niah_multikey_1=99.6;niah_multikey_2=96.8;niah_multikey_3=0.0;niah_multiquery=81.35;niah_multivalue=79.9;cwe=24.06;fwe=70.2;vt=91.76,64 64 86 116 147 177 208 238 268 299 329 359 390 420 450 481 481 450 420 390 359 329 299 268 238 208 177 147 116 86 64 64
ruler,RULER_ALL,256,snapkv,five_way,64,80,True,6,winner,71.6245,72.2764,niah_single_1=100.0;niah_single_2=99.6;niah_single_3=10.2;niah_multikey_1=99.4;niah_multikey_2=98.0;niah_multikey_3=0.0;niah_multiquery=90.2;niah_multivalue=92.35;cwe=38.04;fwe=72.53;vt=94.72,64 93 286 64 64 544 93 157 286 64 544 286 64 157 544 544 544 544 64 64 544 64 543 543 543 157 93 286 64 64 157 64
ruler,RULER_ALL,256,snapkv,five_way,64,80,True,56,random,70.5182,71.0709,niah_single_1=100.0;niah_single_2=99.8;niah_single_3=6.4;niah_multikey_1=99.2;niah_multikey_2=97.2;niah_multikey_3=0.0;niah_multiquery=89.6;niah_multivalue=90.0;cwe=39.58;fwe=70.2;vt=89.8,86 151 346 331 64 460 64 373 281 125 396 266 279 430 484 220 484 108 217 64 129 82 224 449 389 71 445 359 77 136 226 376
ruler,RULER_ALL,256,snapkv,five_way,64,80,True,68,bo,68.4791,68.4827,niah_single_1=100.0;niah_single_2=99.6;niah_single_3=14.6;niah_multikey_1=99.4;niah_multikey_2=95.0;niah_multikey_3=0.0;niah_multiquery=77.75;niah_multivalue=79.85;cwe=32.9;fwe=67.73;vt=86.48,64 64 251 64 64 93 64 64 605 64 605 605 64 64 159 377 604 604 64 64 588 64 604 604 604 185 65 604 75 64 64 64
ruler,RULER_ALL,512,h2o,step3,16,0,,,winner,,32.6136,niah_single_1=8.4;niah_single_2=14.4;niah_single_3=0.0;niah_multikey_1=27.6;niah_multikey_2=48.6;niah_multikey_3=1.6;niah_multiquery=12.75;niah_multivalue=16.6;cwe=85.32;fwe=93.4;vt=50.08,920 920 920 157 62 62 157 920 920 62 920 920 920 920 919 919 919 919 62 62 157 157 62 919 919 62 62 919 62 62 266 157
ruler,RULER_ALL,512,snapkv,step3,16,0,,,uniform,,78.6173,niah_single_1=100.0;niah_single_2=100.0;niah_single_3=23.4;niah_multikey_1=99.4;niah_multikey_2=99.6;niah_multikey_3=0.0;niah_multiquery=97.75;niah_multivalue=96.45;cwe=73.36;fwe=78.67;vt=96.16,512 512 512 512 512 512 512 512 512 512 512 512 512 512 512 512 512 512 512 512 512 512 512 512 512 512 512 512 512 512 512 512
ruler,RULER_ALL,512,snapkv,step3,16,0,,,winner,,81.76,niah_single_1=100.0;niah_single_2=100.0;niah_single_3=49.6;niah_multikey_1=99.4;niah_multikey_2=99.6;niah_multikey_3=0.6;niah_multiquery=98.45;niah_multivalue=97.5;cwe=77.1;fwe=81.27;vt=95.84,75 191 588 125 75 1116 191 323 588 92 1116 587 125 323 1116 1116 1116 1116 75 75 1116 125 1116 1116 1116 323 191 587 75 92 323 75
ruler,RULER_ALL,64,h2o,step3,16,0,,,winner,,7.5982,niah_single_1=1.0;niah_single_2=0.8;niah_single_3=0.0;niah_multikey_1=1.6;niah_multikey_2=1.0;niah_multikey_3=0.0;niah_multiquery=0.75;niah_multivalue=0.55;cwe=8.48;fwe=67.2;vt=2.2,111 110 110 19 16 16 19 110 110 16 110 110 110 110 110 110 110 110 16 16 19 19 16 110 110 16 16 110 16 16 32 19
ruler,RULER_ALL,64,snapkv,step3,16,0,,,uniform,,34.6391,niah_single_1=99.8;niah_single_2=93.4;niah_single_3=0.0;niah_multikey_1=91.2;niah_multikey_2=48.0;niah_multikey_3=0.0;niah_multiquery=7.9;niah_multivalue=17.0;cwe=1.84;fwe=1.33;vt=20.56,64 64 64 64 64 64 64 64 64 64 64 64 64 64 64 64 64 64 64 64 64 64 64 64 64 64 64 64 64 64 64 64
ruler,RULER_ALL,64,snapkv,step3,16,0,,,winner,,44.9909,niah_single_1=100.0;niah_single_2=97.2;niah_single_3=0.0;niah_multikey_1=96.6;niah_multikey_2=76.4;niah_multikey_3=0.0;niah_multiquery=23.4;niah_multivalue=36.05;cwe=2.92;fwe=34.93;vt=27.4,16 23 72 16 16 136 23 39 72 16 136 72 16 39 136 136 136 136 16 16 136 16 136 136 136 39 23 71 16 16 39 16
longbench,SINGLE_DOCUMENT_QA,1024,h2o,five_way,64,147,True,0,uniform,36.0367,33.6033,narrativeqa=19.26;qasper=38.36;multifieldqa_en=43.19,1024 1024 1024 1024 1024 1024 1024 1024 1024 1024 1024 1024 1024 1024 1024 1024 1024 1024 1024 1024 1024 1024 1024 1024 1024 1024 1024 1024 1024 1024 1024 1024
longbench,SINGLE_DOCUMENT_QA,1024,h2o,five_way,64,147,True,3,heuristic,35.9067,34.6933,narrativeqa=18.82;qasper=40.58;multifieldqa_en=44.68,102 225 348 471 594 717 840 963 1085 1208 1331 1454 1577 1700 1823 1946 1946 1823 1700 1577 1454 1331 1208 1085 963 840 717 594 471 348 225 102
longbench,SINGLE_DOCUMENT_QA,1024,h2o,five_way,64,147,True,6,winner,36.3233,34.1967,narrativeqa=19.69;qasper=39.08;multifieldqa_en=43.82,216 1013 1925 216 216 1925 216 216 216 216 1925 216 1925 1925 1925 1925 216 1925 1925 216 215 1925 215 1925 1013 1925 215 215 557 1925 1925 215
longbench,SINGLE_DOCUMENT_QA,1024,h2o,five_way,64,147,True,38,random,37.35,33.4967,narrativeqa=18.66;qasper=37.49;multifieldqa_en=44.34,64 778 327 1141 731 1981 1011 1967 364 451 1267 466 777 744 665 140 776 1787 1829 1687 1617 706 1770 390 777 1080 1336 1382 2068 690 1926 73
longbench,SINGLE_DOCUMENT_QA,1024,h2o,five_way,64,147,True,85,bo,36.2533,33.9733,narrativeqa=19.13;qasper=38.01;multifieldqa_en=44.78,925 925 925 925 925 925 925 925 925 925 925 925 925 925 925 924 924 924 924 924 924 924 924 924 924 924 924 4096 924 924 937 924
longbench,SINGLE_DOCUMENT_QA,1024,snapkv,five_way,64,211,True,0,uniform,38.33,36.44,narrativeqa=20.66;qasper=42.64;multifieldqa_en=46.02,1024 1024 1024 1024 1024 1024 1024 1024 1024 1024 1024 1024 1024 1024 1024 1024 1024 1024 1024 1024 1024 1024 1024 1024 1024 1024 1024 1024 1024 1024 1024 1024
longbench,SINGLE_DOCUMENT_QA,1024,snapkv,five_way,64,211,True,5,heuristic,39.4567,36.27,narrativeqa=20.73;qasper=41.99;multifieldqa_en=46.09,307 1741 307 1741 307 1741 307 1741 307 1741 307 1741 307 1741 307 1741 307 1741 307 1741 307 1741 307 1741 307 1741 307 1741 307 1741 307 1741
longbench,SINGLE_DOCUMENT_QA,1024,snapkv,five_way,64,211,True,6,winner,38.6767,36.46,narrativeqa=20.96;qasper=41.24;multifieldqa_en=47.18,1967 1967 1966 220 1966 220 220 220 1035 1035 1966 337 220 1966 1966 1966 1966 569 1966 220 220 220 220 220 220 1966 220 337 1035 1966 1966 220
longbench,SINGLE_DOCUMENT_QA,1024,snapkv,five_way,64,211,True,31,random,40.5367,37.0067,narrativeqa=21.07;qasper=41.9;multifieldqa_en=48.05,1578 1506 557 524 1405 204 789 1711 1526 591 1410 1317 64 1346 1659 1090 819 1615 1161 1168 1746 177 704 405 998 1324 262 378 1593 1525 754 862
longbench,SINGLE_DOCUMENT_QA,1024,snapkv,five_way,64,211,True,66,bo,40.5133,35.2633,narrativeqa=20.56;qasper=38.98;multifieldqa_en=46.25,3010 64 309 253 1419 64 64 2885 303 64 64 3010 83 459 2978 64 907 741 2581 146 3005 1085 64 142 2207 780 64 156 1248 871 1001 2677
longbench,SINGLE_DOCUMENT_QA,128,h2o,five_way,64,96,True,0,uniform,31.7833,28.2133,narrativeqa=17.7;qasper=31.1;multifieldqa_en=35.84,128 128 128 128 128 128 128 128 128 128 128 128 128 128 128 128 128 128 128 128 128 128 128 128 128 128 128 128 128 128 128 128
longbench,SINGLE_DOCUMENT_QA,128,h2o,five_way,64,96,True,0,uniform,31.7833,28.2133,narrativeqa=17.7;qasper=31.1;multifieldqa_en=35.84,128 128 128 128 128 128 128 128 128 128 128 128 128 128 128 128 128 128 128 128 128 128 128 128 128 128 128 128 128 128 128 128
longbench,SINGLE_DOCUMENT_QA,128,h2o,five_way,64,96,True,6,heuristic,30.9267,27.8667,narrativeqa=18.47;qasper=28.98;multifieldqa_en=36.15,229 214 200 185 171 157 142 128 113 99 84 70 64 64 64 64 64 64 64 64 70 84 99 113 128 142 157 171 185 200 214 229
longbench,SINGLE_DOCUMENT_QA,128,h2o,five_way,64,96,True,36,random,33.0433,28.32,narrativeqa=17.99;qasper=31.33;multifieldqa_en=35.64,65 102 64 147 64 195 79 64 215 219 64 197 64 203 92 106 181 64 174 153 64 204 203 143 174 64 70 150 64 169 168 111
longbench,SINGLE_DOCUMENT_QA,128,h2o,five_way,64,96,True,69,bo,31.8867,28.0867,narrativeqa=18.45;qasper=29.86;multifieldqa_en=35.95,64 134 64 276 118 138 64 64 64 64 64 64 64 286 64 64 196 64 286 286 64 130 81 247 286 64 64 72 64 186 286 64
longbench,SINGLE_DOCUMENT_QA,128,h2o,step3,64,0,,,winner,,29.7233,narrativeqa=18.86;qasper=31.49;multifieldqa_en=38.82,64 108 204 64 64 204 64 64 64 64 204 64 204 204 204 204 64 204 204 64 64 204 64 204 108 204 64 64 64 204 204 64
longbench,SINGLE_DOCUMENT_QA,128,snapkv,five_way,64,1000,True,0,uniform,36.2433,32.9733,narrativeqa=18.7;qasper=35.14;multifieldqa_en=45.08,128 128 128 128 128 128 128 128 128 128 128 128 128 128 128 128 128 128 128 128 128 128 128 128 128 128 128 128 128 128 128 128
longbench,SINGLE_DOCUMENT_QA,128,snapkv,five_way,64,1000,True,3,heuristic,37.05,33.67,narrativeqa=19.07;qasper=35.76;multifieldqa_en=46.18,64 64 64 64 70 84 99 113 128 142 157 171 185 200 214 229 229 214 200 185 171 157 142 128 113 99 84 70 64 64 64 64
longbench,SINGLE_DOCUMENT_QA,128,snapkv,five_way,64,1000,True,6,winner,36.34,33.51,narrativeqa=19.51;qasper=34.86;multifieldqa_en=46.16,211 211 211 64 211 64 64 64 111 111 211 64 64 211 211 211 211 64 210 64 64 64 64 64 64 210 64 64 111 210 210 64
longbench,SINGLE_DOCUMENT_QA,128,snapkv,five_way,64,1000,True,34,random,36.75,33.3833,narrativeqa=19.04;qasper=35.91;multifieldqa_en=45.2,65 102 64 147 64 195 79 64 215 219 64 197 64 203 92 106 181 64 174 153 64 204 203 143 174 64 70 150 64 169 168 111
longbench,SINGLE_DOCUMENT_QA,128,snapkv,five_way,64,1000,True,236,bo,37.71,33.45,narrativeqa=20.28;qasper=35.28;multifieldqa_en=44.79,64 64 64 64 64 92 64 64 78 64 64 64 64 99 154 567 865 64 64 64 64 64 64 64 64 64 64 64 641 64 64 64
longbench,SINGLE_DOCUMENT_QA,256,h2o,five_way,64,200,True,0,uniform,33.5267,29.96,narrativeqa=18.66;qasper=32.31;multifieldqa_en=38.91,256 256 256 256 256 256 256 256 256 256 256 256 256 256 256 256 256 256 256 256 256 256 256 256 256 256 256 256 256 256 256 256
longbench,SINGLE_DOCUMENT_QA,256,h2o,five_way,64,200,True,3,heuristic,33.2367,30.3833,narrativeqa=18.63;qasper=31.41;multifieldqa_en=41.11,64 64 86 116 147 177 208 238 268 299 329 359 390 420 450 481 481 450 420 390 359 329 299 268 238 208 177 147 116 86 64 64
longbench,SINGLE_DOCUMENT_QA,256,h2o,five_way,64,200,True,6,winner,33.1533,30.7033,narrativeqa=19.62;qasper=32.75;multifieldqa_en=39.74,64 248 472 64 64 472 64 64 64 64 472 64 472 472 471 471 64 471 471 64 64 471 64 471 248 471 64 64 137 471 471 64
longbench,SINGLE_DOCUMENT_QA,256,h2o,five_way,64,200,True,56,random,34.57,30.9233,narrativeqa=18.44;qasper=34.49;multifieldqa_en=39.84,86 151 346 331 64 460 64 373 281 125 396 266 279 430 484 220 484 108 217 64 129 82 224 449 389 71 445 359 77 136 226 376
longbench,SINGLE_DOCUMENT_QA,256,h2o,five_way,64,200,True,100,bo,34.8567,30.0933,narrativeqa=19.27;qasper=32.5;multifieldqa_en=38.51,64 64 64 64 64 64 916 64 310 64 1484 64 64 1658 64 184 64 64 666 64 195 132 64 876 64 363 64 64 64 64 64 64
longbench,SINGLE_DOCUMENT_QA,256,snapkv,five_way,64,501,True,0,uniform,39.88,35.25,narrativeqa=19.96;qasper=39.44;multifieldqa_en=46.35,256 256 256 256 256 256 256 256 256 256 256 256 256 256 256 256 256 256 256 256 256 256 256 256 256 256 256 256 256 256 256 256
longbench,SINGLE_DOCUMENT_QA,256,snapkv,five_way,64,501,True,5,heuristic,37.8867,33.8333,narrativeqa=18.87;qasper=37.3;multifieldqa_en=45.33,77 435 77 435 77 435 77 435 77 435 77 435 77 435 77 435 77 435 77 435 77 435 77 435 77 435 77 435 77 435 77 435
longbench,SINGLE_DOCUMENT_QA,256,snapkv,five_way,64,501,True,6,winner,38.8533,34.5067,narrativeqa=19.31;qasper=38.3;multifieldqa_en=45.91,484 484 484 64 484 64 64 64 254 254 484 83 64 484 484 484 484 140 484 64 64 64 64 64 64 484 64 83 254 484 484 64
longbench,SINGLE_DOCUMENT_QA,256,snapkv,five_way,64,501,True,31,random,39.4467,34.5133,narrativeqa=19.21;qasper=39.32;multifieldqa_en=45.01,391 373 138 130 348 64 195 423 378 146 349 326 64 333 410 270 203 400 287 289 432 64 174 100 247 328 65 94 394 377 187 213
longbench,SINGLE_DOCUMENT_QA,256,snapkv,five_way,64,501,True,218,bo,39.0867,34.43,narrativeqa=20.11;qasper=37.82;multifieldqa_en=45.36,153 64 507 64 283 64 181 64 64 64 420 127 216 64 450 604 535 530 64 257 552 64 204 244 81 100 329 205 550 420 604 64
longbench,SINGLE_DOCUMENT_QA,512,h2o,five_way,64,200,True,0,uniform,33.8533,32.41,narrativeqa=19.2;qasper=35.71;multifieldqa_en=42.32,512 512 512 512 512 512 512 512 512 512 512 512 512 512 512 512 512 512 512 512 512 512 512 512 512 512 512 512 512 512 512 512
longbench,SINGLE_DOCUMENT_QA,512,h2o,five_way,64,200,True,2,heuristic,35.1633,32.8,narrativeqa=19.49;qasper=35.7;multifieldqa_en=43.21,972 942 913 883 853 823 794 764 734 705 675 645 616 586 556 526 497 467 437 408 378 348 319 289 259 229 200 170 140 111 81 64
longbench,SINGLE_DOCUMENT_QA,512,h2o,five_way,64,200,True,6,winner,33.97,32.2133,narrativeqa=18.62;qasper=36.11;multifieldqa_en=41.91,108 507 963 108 108 963 108 108 108 108 963 108 962 962 962 962 108 962 962 108 108 962 108 962 507 962 108 108 279 962 962 108
longbench,SINGLE_DOCUMENT_QA,512,h2o,five_way,64,200,True,35,random,35.6267,31.2967,narrativeqa=19.22;qasper=34.96;multifieldqa_en=39.71,255 169 775 394 295 439 64 328 541 279 1049 464 469 709 165 196 556 808 1048 385 249 559 680 1035 869 347 407 579 754 858 98 561
longbench,SINGLE_DOCUMENT_QA,512,h2o,five_way,64,200,True,94,bo,35.8833,32.0667,narrativeqa=18.92;qasper=34.31;multifieldqa_en=42.97,182 161 540 1574 64 749 64 64 121 1016 1661 306 64 64 64 64 1150 1311 1396 64 64 1102 64 979 421 64 1084 64 851 64 64 884
longbench,SINGLE_DOCUMENT_QA,512,snapkv,five_way,64,152,True,0,uniform,39.0467,35.97,narrativeqa=19.99;qasper=41.86;multifieldqa_en=46.06,512 512 512 512 512 512 512 512 512 512 512 512 512 512 512 512 512 512 512 512 512 512 512 512 512 512 512 512 512 512 512 512
longbench,SINGLE_DOCUMENT_QA,512,snapkv,five_way,64,152,True,1,heuristic,38.9133,35.6067,narrativeqa=20.24;qasper=39.68;multifieldqa_en=46.9,64 81 111 140 170 200 229 259 289 319 348 378 408 437 467 497 526 556 586 616 645 675 705 734 764 794 823 853 883 913 942 972
longbench,SINGLE_DOCUMENT_QA,512,snapkv,five_way,64,152,True,6,winner,39.7633,36.3267,narrativeqa=20.83;qasper=40.29;multifieldqa_en=47.86,983 983 983 110 983 110 110 110 518 518 983 168 110 983 983 983 983 285 983 110 110 110 110 110 110 983 110 168 518 983 983 110
longbench,SINGLE_DOCUMENT_QA,512,snapkv,five_way,64,152,True,28,random,40.65,35.2833,narrativeqa=19.41;qasper=39.96;multifieldqa_en=46.48,382 609 721 911 321 64 569 642 912 114 350 831 954 438 476 258 619 381 221 868 103 626 670 687 566 64 546 277 802 773 284 345
longbench,SINGLE_DOCUMENT_QA,512,snapkv,five_way,64,152,True,111,bo,38.2067,35.1267,narrativeqa=20.95;qasper=38.36;multifieldqa_en=46.07,1035 64 900 1801 208 64 1750 524 64 64 1668 406 64 1801 120 1263 828 82 64 64 64 1573 64 64 64 64 1212 64 167 64 86 64
longbench,SINGLE_DOCUMENT_QA,64,h2o,step3,64,0,,,uniform,,25.14,narrativeqa=17.68;qasper=25.46;multifieldqa_en=32.28,64 64 64 64 64 64 64 64 64 64 64 64 64 64 64 64 64 64 64 64 64 64 64 64 64 64 64 64 64 64 64 64
longbench,SINGLE_DOCUMENT_QA,64,h2o,step3,64,0,,,uniform,,25.14,narrativeqa=17.68;qasper=25.46;multifieldqa_en=32.28,64 64 64 64 64 64 64 64 64 64 64 64 64 64 64 64 64 64 64 64 64 64 64 64 64 64 64 64 64 64 64 64
longbench,SINGLE_DOCUMENT_QA,64,snapkv,step3,64,0,,,uniform,,29.61,narrativeqa=18.51;qasper=28.46;multifieldqa_en=41.86,64 64 64 64 64 64 64 64 64 64 64 64 64 64 64 64 64 64 64 64 64 64 64 64 64 64 64 64 64 64 64 64
longbench,SINGLE_DOCUMENT_QA,64,snapkv,step3,64,0,,,winner,,31.4633,narrativeqa=19.75;qasper=31.61;multifieldqa_en=43.03,121 121 121 16 121 16 16 16 64 63 121 21 16 121 121 121 121 35 121 16 16 16 16 16 16 121 16 21 63 121 121 16
longbench,SUMMARIZATION,1024,h2o,five_way,64,89,True,0,uniform,25.2867,24.9733,gov_report=27.94;qmsum=20.05;multi_news=26.93,1024 1024 1024 1024 1024 1024 1024 1024 1024 1024 1024 1024 1024 1024 1024 1024 1024 1024 1024 1024 1024 1024 1024 1024 1024 1024 1024 1024 1024 1024 1024 1024
longbench,SUMMARIZATION,1024,h2o,five_way,64,89,True,2,heuristic,26.0833,25.3167,gov_report=28.52;qmsum=20.24;multi_news=27.19,1946 1886 1827 1767 1708 1648 1589 1529 1470 1410 1351 1292 1232 1173 1113 1054 994 935 875 816 756 697 638 578 519 459 400 340 281 221 162 102
longbench,SUMMARIZATION,1024,h2o,five_way,64,89,True,6,winner,25.2067,25.1067,gov_report=28.03;qmsum=20.23;multi_news=27.06,203 203 1818 1818 1818 203 203 1818 957 1818 1818 1818 203 1818 957 1818 1818 1818 311 203 1818 1818 203 203 1818 203 203 311 526 203 203 1818
longbench,SUMMARIZATION,1024,h2o,five_way,64,89,True,44,random,26.2167,25.29,gov_report=27.97;qmsum=20.71;multi_news=27.19,109 1351 845 1359 1248 1761 1360 534 784 360 1242 638 954 1689 1034 1676 1262 1041 1510 607 1500 64 538 1306 1609 1237 765 1081 475 976 678 1175
longbench,SUMMARIZATION,1024,h2o,five_way,64,89,True,65,bo,24.9267,24.2867,gov_report=26.23;qmsum=20.31;multi_news=26.32,64 1513 64 2147 764 2146 825 64 2146 64 2146 64 1243 2146 770 2146 64 64 2146 64 823 64 64 2146 2146 2053 250 356 64 64 2144 1944
longbench,SUMMARIZATION,1024,snapkv,step3,64,0,,,uniform,,24.8467,gov_report=25.56;qmsum=22.31;multi_news=26.67,1024 1024 1024 1024 1024 1024 1024 1024 1024 1024 1024 1024 1024 1024 1024 1024 1024 1024 1024 1024 1024 1024 1024 1024 1024 1024 1024 1024 1024 1024 1024 1024
longbench,SUMMARIZATION,1024,snapkv,step3,64,0,,,winner,,25.1033,gov_report=26.49;qmsum=22.12;multi_news=26.7,157 1403 1403 1403 406 1403 1403 1403 1403 1403 1403 406 157 739 1403 1403 1403 739 1403 157 1403 1403 1403 1403 1403 1403 157 157 1403 738 738 157
longbench,SUMMARIZATION,128,h2o,five_way,64,200,True,0,uniform,21.35,21.8767,gov_report=23.02;qmsum=17.79;multi_news=24.82,128 128 128 128 128 128 128 128 128 128 128 128 128 128 128 128 128 128 128 128 128 128 128 128 128 128 128 128 128 128 128 128
longbench,SUMMARIZATION,128,h2o,five_way,64,200,True,4,heuristic,21.5567,21.4833,gov_report=22.47;qmsum=17.66;multi_news=24.32,229 214 200 185 171 157 142 128 113 99 84 70 64 64 64 64 64 64 64 64 70 84 99 113 128 142 157 171 185 200 214 229
longbench,SUMMARIZATION,128,h2o,five_way,64,200,True,6,winner,21.8167,22.02,gov_report=23.27;qmsum=17.79;multi_news=25.0,64 64 196 196 196 64 64 196 103 196 195 195 64 195 103 195 195 195 64 64 195 195 64 64 195 64 64 64 64 64 64 195
longbench,SUMMARIZATION,128,h2o,five_way,64,200,True,44,random,22.8033,22.0533,gov_report=23.1;qmsum=17.92;multi_news=25.14,64 163 102 164 151 213 164 65 95 64 150 77 115 204 125 203 153 126 183 73 181 64 65 158 195 150 92 131 64 118 82 142
longbench,SUMMARIZATION,128,h2o,five_way,64,200,True,72,bo,22.16,22.3133,gov_report=23.72;qmsum=18.1;multi_news=25.12,64 211 194 211 64 211 211 147 72 64 211 64 64 211 134 195 211 184 211 64 64 64 64 175 211 65 64 83 64 64 116 64
longbench,SUMMARIZATION,128,snapkv,five_way,64,98,True,0,uniform,20.81,21.03,gov_report=21.01;qmsum=20.35;multi_news=21.73,128 128 128 128 128 128 128 128 128 128 128 128 128 128 128 128 128 128 128 128 128 128 128 128 128 128 128 128 128 128 128 128
longbench,SUMMARIZATION,128,snapkv,five_way,64,98,True,5,heuristic,21.3167,20.9467,gov_report=20.6;qmsum=20.58;multi_news=21.66,64 192 64 192 64 192 64 192 64 192 64 192 64 192 64 192 64 192 64 192 64 192 64 192 64 192 64 192 64 192 64 192
longbench,SUMMARIZATION,128,snapkv,five_way,64,98,True,6,winner,21.03,21.15,gov_report=20.82;qmsum=20.54;multi_news=22.09,64 162 162 162 64 162 162 162 162 162 162 64 64 86 162 162 162 86 162 64 162 162 162 162 162 162 64 64 162 86 86 64
longbench,SUMMARIZATION,128,snapkv,five_way,64,98,True,42,random,21.63,20.89,gov_report=20.78;qmsum=20.3;multi_news=21.59,167 64 176 93 194 103 196 220 202 77 216 64 133 177 64 100 163 201 71 162 64 95 64 64 156 85 159 106 64 178 64 154
longbench,SUMMARIZATION,128,snapkv,five_way,64,98,True,86,bo,21.19,20.8333,gov_report=20.53;qmsum=20.3;multi_news=21.67,64 64 64 64 64 64 326 312 93 64 355 64 64 166 64 64 757 224 64 64 64 64 64 170 64 64 64 64 64 64 64 221
longbench,SUMMARIZATION,256,h2o,five_way,64,86,True,0,uniform,23.76,23.1333,gov_report=24.78;qmsum=18.94;multi_news=25.68,256 256 256 256 256 256 256 256 256 256 256 256 256 256 256 256 256 256 256 256 256 256 256 256 256 256 256 256 256 256 256 256
longbench,SUMMARIZATION,256,h2o,five_way,64,86,True,2,heuristic,23.0567,23.2467,gov_report=25.22;qmsum=18.59;multi_news=25.93,482 467 453 438 423 408 394 379 364 350 335 320 305 291 276 261 246 232 217 202 187 173 158 143 129 114 99 84 70 64 64 64
longbench,SUMMARIZATION,256,h2o,five_way,64,86,True,6,winner,22.9733,23.1733,gov_report=25.04;qmsum=18.56;multi_news=25.92,64 64 445 445 445 64 64 445 234 445 445 445 64 445 234 445 445 445 76 64 445 445 64 64 445 64 64 76 129 64 64 445
longbench,SUMMARIZATION,256,h2o,five_way,64,86,True,9,random,23.69,23.3333,gov_report=25.12;qmsum=19.32;multi_news=25.56,64 184 323 256 225 64 275 154 372 86 375 449 288 375 280 346 240 334 341 258 64 292 302 173 247 560 446 64 460 64 167 64
longbench,SUMMARIZATION,256,h2o,five_way,64,86,True,80,bo,23.2633,22.8767,gov_report=24.36;qmsum=18.79;multi_news=25.48,264 64 297 64 98 64 64 243 64 98 1161 828 64 165 179 64 1159 64 610 78 64 64 64 64 436 64 64 111 64 1256 185 64
longbench,SUMMARIZATION,256,snapkv,step3,64,0,,,uniform,,22.3033,gov_report=22.25;qmsum=21.09;multi_news=23.57,256 256 256 256 256 256 256 256 256 256 256 256 256 256 256 256 256 256 256 256 256 256 256 256 256 256 256 256 256 256 256 256
longbench,SUMMARIZATION,256,snapkv,step3,64,0,,,winner,,22.41,gov_report=22.77;qmsum=21.09;multi_news=23.37,64 345 345 345 100 345 344 344 344 344 344 100 64 181 344 344 344 181 344 64 344 344 344 344 344 344 64 64 344 181 181 64
longbench,SUMMARIZATION,512,h2o,five_way,64,200,True,0,uniform,24.7133,24.22,gov_report=26.95;qmsum=19.43;multi_news=26.28,512 512 512 512 512 512 512 512 512 512 512 512 512 512 512 512 512 512 512 512 512 512 512 512 512 512 512 512 512 512 512 512
longbench,SUMMARIZATION,512,h2o,five_way,64,200,True,3,heuristic,24.8667,24.3167,gov_report=26.88;qmsum=19.86;multi_news=26.21,64 112 174 235 296 358 419 481 542 603 665 726 787 849 910 971 971 910 849 787 726 665 603 542 481 419 358 296 235 174 112 64
longbench,SUMMARIZATION,512,h2o,five_way,64,200,True,6,winner,24.3833,24.35,gov_report=26.72;qmsum=20.03;multi_news=26.3,102 102 909 909 909 102 102 909 478 909 909 909 102 909 478 909 909 909 155 102 909 909 102 102 909 101 101 155 263 101 101 909
longbench,SUMMARIZATION,512,h2o,five_way,64,200,True,31,random,25.1967,24.21,gov_report=26.68;qmsum=19.47;multi_news=26.48,788 752 278 262 701 102 394 854 762 295 703 657 64 671 828 544 409 806 579 583 871 88 351 202 498 661 130 189 795 761 376 430
longbench,SUMMARIZATION,512,h2o,five_way,64,200,True,72,bo,24.3267,23.98,gov_report=26.18;qmsum=19.5;multi_news=26.26,824 923 852 96 923 156 64 745 79 64 475 923 64 839 907 919 787 920 891 923 678 64 919 661 64 328 64 64 923 64 117 64
longbench,SUMMARIZATION,512,snapkv,step3,64,0,,,uniform,,23.4367,gov_report=24.06;qmsum=21.37;multi_news=24.88,512 512 512 512 512 512 512 512 512 512 512 512 512 512 512 512 512 512 512 512 512 512 512 512 512 512 512 512 512 512 512 512
longbench,SUMMARIZATION,512,snapkv,step3,64,0,,,winner,,23.7067,gov_report=24.26;qmsum=21.69;multi_news=25.17,78 702 702 702 203 702 702 702 702 702 702 203 78 369 702 702 702 369 702 78 702 701 701 701 701 701 78 78 701 369 369 78
longbench,SUMMARIZATION,64,h2o,step3,64,0,,,uniform,,20.7867,gov_report=21.44;qmsum=17.26;multi_news=23.66,64 64 64 64 64 64 64 64 64 64 64 64 64 64 64 64 64 64 64 64 64 64 64 64 64 64 64 64 64 64 64 64
longbench,SUMMARIZATION,64,h2o,step3,64,0,,,uniform,,20.7867,gov_report=21.44;qmsum=17.26;multi_news=23.66,64 64 64 64 64 64 64 64 64 64 64 64 64 64 64 64 64 64 64 64 64 64 64 64 64 64 64 64 64 64 64 64
longbench,SUMMARIZATION,64,snapkv,step3,64,0,,,uniform,,19.4833,gov_report=19.35;qmsum=19.64;multi_news=19.46,64 64 64 64 64 64 64 64 64 64 64 64 64 64 64 64 64 64 64 64 64 64 64 64 64 64 64 64 64 64 64 64
longbench,SUMMARIZATION,64,snapkv,step3,64,0,,,uniform,,19.4833,gov_report=19.35;qmsum=19.64;multi_news=19.46,64 64 64 64 64 64 64 64 64 64 64 64 64 64 64 64 64 64 64 64 64 64 64 64 64 64 64 64 64 64 64 64
