mean_window_length,penalty,score
64.0,64.0,-4.591672261555989
64.0,64.0,-4.591672261555989
78.0,78.0,-4.367075093587239
78.0,78.0,-4.367075093587239
80.0,80.0,-4.302370452880859
80.0,80.0,-4.302370452880859
100.0,100.0,-4.069923146565755
100.0,100.0,-4.069923146565755
124.0,124.0,-4.045137606384934
124.0,124.0,-4.045137606384934
130.0,130.0,-3.796843973795573
130.0,130.0,-3.796843973795573
154.0,154.0,-3.56010004679362
154.0,154.0,-3.56010004679362
180.0,180.0,-3.5116976748230635
180.0,180.0,-3.5116976748230635
182.0,182.0,-3.3994903564453125
182.0,182.0,-3.3994903564453125
188.0,188.0,-3.3679305845691316
188.0,188.0,-3.3679305845691316
206.0,206.0,-3.367599483202863
206.0,206.0,-3.367599483202863
212.0,212.0,-3.3462892593876012
212.0,212.0,-3.3462892593876012
224.0,224.0,-3.2804155095418293
224.0,224.0,-3.2804155095418293
232.0,232.0,-3.0966071404351125
232.0,232.0,-3.0966071404351125
236.0,236.0,-3.0486660936143664
236.0,236.0,-3.0486660936143664
248.0,248.0,-2.986247376189835
248.0,248.0,-2.986247376189835
250.0,250.0,-2.980401060316298
250.0,250.0,-2.980401060316298
260.0,260.0,-2.738897598430675
260.0,260.0,-2.738897598430675
306.0,306.0,-2.6705454508463546
306.0,306.0,-2.6705454508463546
312.0,312.0,-2.460937279595269
312.0,312.0,-2.460937279595269
346.0,346.0,-2.363137926374163
346.0,346.0,-2.363137926374163
380.0,380.0,-2.257030913943336
380.0,380.0,-2.257030913943336
384.0,384.0,-2.1502716723783517
384.0,384.0,-2.1502716723783517
424.0,424.0,-2.0969573485545623
424.0,424.0,-2.0969573485545623
440.0,440.0,-2.025075225830078
440.0,440.0,-2.025075225830078
462.0,462.0,-1.9817669357078662
462.0,462.0,-1.9817669357078662
464.0,464.0,-1.8345705693562824
464.0,464.0,-1.8345705693562824
508.0,508.0,-1.805472183227539
508.0,508.0,-1.805472183227539
526.0,526.0,-1.7639132237088855
526.0,526.0,-1.7639132237088855
536.0,536.0,-1.7618305448501832
536.0,536.0,-1.7618305448501832
538.0,538.0,-1.7077044458100292
538.0,538.0,-1.7077044458100292
542.0,542.0,-1.6604734890702841
542.0,542.0,-1.6604734890702841
554.0,554.0,-1.6358686793934216
554.0,554.0,-1.6358686793934216
560.0,560.0,-1.6291769790649415
560.0,560.0,-1.6291769790649415
578.0,578.0,-1.6025293259393603
578.0,578.0,-1.6025293259393603
586.0,586.0,-1.5773763147989908
586.0,586.0,-1.5773763147989908
596.0,596.0,-1.5656768859378876
596.0,596.0,-1.5656768859378876
604.0,604.0,-1.5502286877548486
604.0,604.0,-1.5502286877548486
608.0,608.0,-1.5369188054402667
608.0,608.0,-1.5369188054402667
612.0,612.0,-1.4743244505765147
612.0,612.0,-1.4743244505765147
634.0,634.0,-1.4482676489311352
634.0,634.0,-1.4482676489311352
668.0,668.0,-1.4103347142537437
668.0,668.0,-1.4103347142537437
672.0,672.0,-1.3941066600658276
672.0,672.0,-1.3941066600658276
674.0,674.0,-1.3638241936178768
674.0,674.0,-1.3638241936178768
706.0,706.0,-1.3611028077867295
706.0,706.0,-1.3611028077867295
710.0,710.0,-1.3273536131117079
710.0,710.0,-1.3273536131117079
728.0,728.0,-1.3177097907433144
728.0,728.0,-1.3177097907433144
736.0,736.0,-1.2818710131522935
736.0,736.0,-1.2818710131522935
738.0,738.0,-1.2712240365835334
738.0,738.0,-1.2712240365835334
760.0,760.0,-1.2487219280666775
760.0,760.0,-1.2487219280666775
824.0,824.0,-1.168350777802644
824.0,824.0,-1.168350777802644
