config_idx,avg_budget,evicted_attn,avg_score,lcc_score,repobench-p_score,budgets,eval_time_sec
0,64.0,-37.97,36.260000000000005,37.42,35.1,"[64, 64, 64, 64, 64, 64, 64, 64, 64, 64, 64, 64, 64, 64, 64, 64, 64, 64, 64, 64, 64, 64, 64, 64, 64, 64, 64, 64, 64, 64, 64, 64]",3803.548447370529
1,128.0,-38.45,38.075,39.98,36.17,"[256, 256, 256, 256, 256, 256, 256, 256, 256, 256, 256, 256, 256, 256, 256, 256, 256, 256, 256, 256, 256, 256, 256, 256, 256, 256, 256, 256, 256, 256, 256, 256]",3856.3143985271454
2,256.0,-40.305,41.37,45.08,37.66,"[1024, 2048, 128, 64, 64, 64, 64, 128, 512, 512, 64, 256, 512, 512, 1024, 1024, 256, 64, 2048, 64, 512, 64, 512, 2048, 256, 1024, 256, 512, 64, 64, 4096, 128]",3938.571975708008
3,312.0,-40.495000000000005,40.16,44.04,36.28,"[2048, 128, 512, 128, 4096, 512, 2048, 128, 1024, 64, 128, 1024, 128, 4096, 256, 256, 2048, 128, 512, 64, 64, 64, 128, 4096, 128, 256, 2048, 128, 2048, 512, 256, 2048]",3992.092837333679
4,398.0,-40.900000000000006,41.96,46.81,37.11,"[256, 512, 256, 256, 128, 128, 1024, 1024, 1024, 512, 128, 128, 256, 4096, 4096, 256, 512, 4096, 128, 2048, 4096, 128, 64, 4096, 64, 1024, 128, 1024, 2048, 1024, 256, 2048]",4063.5428211688995
5,418.0,-41.055,41.245000000000005,45.04,37.45,"[512, 2048, 2048, 64, 256, 512, 256, 128, 2048, 1024, 4096, 1024, 4096, 256, 1024, 1024, 128, 256, 2048, 128, 128, 64, 4096, 2048, 512, 1024, 512, 1024, 1024, 512, 1024, 128]",12467.46125125885
6,424.0,-41.39,43.635,48.47,38.8,"[64, 256, 512, 2048, 512, 2048, 4096, 64, 1024, 512, 128, 4096, 1024, 2048, 64, 1024, 4096, 2048, 4096, 128, 4096, 64, 256, 512, 128, 128, 256, 1024, 256, 256, 2048, 2048]",4088.7571334838867
7,500.0,-41.489999999999995,46.815,53.13,40.5,"[512, 4096, 64, 512, 64, 64, 4096, 64, 64, 512, 64, 4096, 4096, 128, 4096, 4096, 2048, 256, 4096, 64, 4096, 64, 64, 4096, 256, 4096, 128, 4096, 128, 2048, 4096, 64]",3273.2737386226654
8,526.0,-41.665,45.769999999999996,51.76,39.78,"[64, 128, 4096, 512, 4096, 64, 4096, 64, 4096, 128, 1024, 4096, 4096, 2048, 4096, 512, 4096, 4096, 4096, 64, 4096, 64, 64, 512, 1024, 256, 64, 512, 128, 64, 4096, 4096]",2590.154166698456
9,648.0,-41.97,48.535,55.49,41.58,"[64, 4096, 64, 64, 64, 128, 4096, 64, 4096, 4096, 2048, 4096, 4096, 4096, 2048, 4096, 4096, 4096, 4096, 64, 4096, 64, 64, 4096, 64, 4096, 4096, 4096, 1024, 4096, 4096, 64]",2602.1098551750183
