model,benchmark,method,category,budget,kendall_tau,regret,calibration_pick_is_full_data_best
Llama-3-8B-Instruct,LongBench,SnapKV,CODE,128,0.4000,0.0000,True
Llama-3-8B-Instruct,LongBench,SnapKV,CODE,256,0.0000,1.3400,False
Llama-3-8B-Instruct,LongBench,SnapKV,CODE,512,-0.2000,2.5000,False
Llama-3-8B-Instruct,LongBench,SnapKV,CODE,1024,0.4000,0.0000,True
Llama-3-8B-Instruct,LongBench,SnapKV,MULTI_DOCUMENT_QA,128,-0.8000,0.7200,False
Llama-3-8B-Instruct,LongBench,SnapKV,MULTI_DOCUMENT_QA,256,-0.1100,1.0900,False
Llama-3-8B-Instruct,LongBench,SnapKV,MULTI_DOCUMENT_QA,512,-0.3300,0.2100,False
Llama-3-8B-Instruct,LongBench,SnapKV,MULTI_DOCUMENT_QA,1024,-0.1100,0.3800,False
Llama-3-8B-Instruct,LongBench,SnapKV,SINGLE_DOCUMENT_QA,128,0.4000,0.2200,False
Llama-3-8B-Instruct,LongBench,SnapKV,SINGLE_DOCUMENT_QA,256,0.8000,0.0000,True
Llama-3-8B-Instruct,LongBench,SnapKV,SINGLE_DOCUMENT_QA,512,0.4000,1.0400,False
Llama-3-8B-Instruct,LongBench,SnapKV,SINGLE_DOCUMENT_QA,1024,0.0000,0.0000,True
Llama-3-8B-Instruct,LongBench,SnapKV,SUMMARIZATION,128,-0.4000,0.2600,False
Llama-3-8B-Instruct,LongBench,H2O,CODE,128,0.0000,0.7300,False
Llama-3-8B-Instruct,LongBench,H2O,CODE,256,0.2000,0.2800,False
Llama-3-8B-Instruct,LongBench,H2O,CODE,512,-0.6000,1.9900,False
Llama-3-8B-Instruct,LongBench,H2O,CODE,1024,0.0000,1.7800,False
Llama-3-8B-Instruct,LongBench,H2O,MULTI_DOCUMENT_QA,128,-0.8000,1.5700,False
Llama-3-8B-Instruct,LongBench,H2O,MULTI_DOCUMENT_QA,256,0.0000,0.1600,False
Llama-3-8B-Instruct,LongBench,H2O,MULTI_DOCUMENT_QA,512,-0.4000,1.3900,False
Llama-3-8B-Instruct,LongBench,H2O,MULTI_DOCUMENT_QA,1024,0.8000,0.0000,True
Llama-3-8B-Instruct,LongBench,H2O,SINGLE_DOCUMENT_QA,128,0.5600,0.0000,True
Llama-3-8B-Instruct,LongBench,H2O,SINGLE_DOCUMENT_QA,256,-0.2000,0.8300,False
Llama-3-8B-Instruct,LongBench,H2O,SINGLE_DOCUMENT_QA,512,-0.4000,0.7300,False
Llama-3-8B-Instruct,LongBench,H2O,SINGLE_DOCUMENT_QA,1024,-0.4000,1.2000,False
Llama-3-8B-Instruct,LongBench,H2O,SUMMARIZATION,128,0.6000,0.2600,False
Llama-3-8B-Instruct,LongBench,H2O,SUMMARIZATION,256,0.0000,0.2000,False
Llama-3-8B-Instruct,LongBench,H2O,SUMMARIZATION,512,0.0000,0.1400,False
Llama-3-8B-Instruct,LongBench,H2O,SUMMARIZATION,1024,0.6000,0.0300,False
Llama-3-8B-Instruct,LongBench,AdaKV,CODE,128,0.4000,0.9000,False
Llama-3-8B-Instruct,LongBench,AdaKV,CODE,256,0.2000,0.6800,False
Llama-3-8B-Instruct,LongBench,AdaKV,CODE,512,0.8000,0.0000,True
Llama-3-8B-Instruct,LongBench,AdaKV,MULTI_DOCUMENT_QA,128,1.0000,0.0000,True
Llama-3-8B-Instruct,LongBench,AdaKV,MULTI_DOCUMENT_QA,256,0.8000,0.0933,False
Llama-3-8B-Instruct,LongBench,AdaKV,MULTI_DOCUMENT_QA,512,0.2000,0.9934,False
Llama-3-8B-Instruct,LongBench,AdaKV,SINGLE_DOCUMENT_QA,128,0.6000,0.0400,False
Llama-3-8B-Instruct,LongBench,AdaKV,SINGLE_DOCUMENT_QA,256,0.2000,0.7167,False
Llama-3-8B-Instruct,LongBench,AdaKV,SINGLE_DOCUMENT_QA,512,0.0000,0.1966,False
Llama-3-8B-Instruct,LongBench,L2Norm,CODE,128,0.8000,0.0000,True
Llama-3-8B-Instruct,LongBench,L2Norm,CODE,256,1.0000,0.0000,True
Llama-3-8B-Instruct,LongBench,L2Norm,CODE,512,0.8000,0.0000,True
Llama-3-8B-Instruct,LongBench,L2Norm,CODE,1024,0.6000,1.8650,False
Llama-3-8B-Instruct,LongBench,L2Norm,MULTI_DOCUMENT_QA,128,0.4000,0.0000,True
Llama-3-8B-Instruct,LongBench,L2Norm,MULTI_DOCUMENT_QA,256,0.2000,0.0000,True
Llama-3-8B-Instruct,LongBench,L2Norm,MULTI_DOCUMENT_QA,512,0.4000,0.0000,True
Llama-3-8B-Instruct,LongBench,L2Norm,MULTI_DOCUMENT_QA,1024,0.6000,0.0000,True
Llama-3-8B-Instruct,LongBench,L2Norm,SINGLE_DOCUMENT_QA,128,0.2000,0.3367,False
Llama-3-8B-Instruct,LongBench,L2Norm,SINGLE_DOCUMENT_QA,256,-0.4000,0.7367,False
Llama-3-8B-Instruct,LongBench,L2Norm,SINGLE_DOCUMENT_QA,512,0.6000,0.0000,True
Llama-3-8B-Instruct,LongBench,L2Norm,SINGLE_DOCUMENT_QA,1024,0.2000,1.6900,False
Llama-3-8B-Instruct,LongBench,L2Norm,SUMMARIZATION,128,0.8000,0.0233,False
Llama-3-8B-Instruct,LongBench,L2Norm,SUMMARIZATION,256,0.4000,0.1600,False
Llama-3-8B-Instruct,LongBench,L2Norm,SUMMARIZATION,512,0.5000,0.0000,True
Llama-3-8B-Instruct,LongBench,L2Norm,SUMMARIZATION,1024,0.8000,0.0000,True
Llama-3-8B-Instruct,RULER,SnapKV,RULER_ALL,128,1.0000,0.0000,True
Llama-3-8B-Instruct,RULER,SnapKV,RULER_ALL,256,1.0000,0.0000,True
Llama-3-8B-Instruct,RULER,SnapKV,RULER_ALL,1024,1.0000,0.0000,True
Llama-3-8B-Instruct,RULER,SnapKV,RULER_ALL,1536,1.0000,0.0000,True
Llama-3-8B-Instruct,RULER,SnapKV,RULER_ALL,2048,1.0000,0.0000,True
Llama-3-8B-Instruct,RULER,H2O,RULER_ALL,128,0.6000,0.0000,True
Llama-3-8B-Instruct,RULER,H2O,RULER_ALL,1024,1.0000,0.0000,True
Llama-3-8B-Instruct,RULER,H2O,RULER_ALL,1536,0.6700,0.0000,True
Llama-3-8B-Instruct,RULER,H2O,RULER_ALL,2048,1.0000,0.0000,True
Llama-3-8B-Instruct,RULER,AdaKV,RULER_ALL,128,0.6000,0.0000,True
Llama-3-8B-Instruct,RULER,AdaKV,RULER_ALL,256,0.6000,0.0000,True
Llama-3-8B-Instruct,RULER,AdaKV,RULER_ALL,512,1.0000,0.0000,True
Llama-3-8B-Instruct,RULER,AdaKV,RULER_ALL,1024,1.0000,0.0000,True
Llama-3-8B-Instruct,RULER,AdaKV,RULER_ALL,1536,0.8000,0.0000,True
Llama-3-8B-Instruct,RULER,AdaKV,RULER_ALL,2048,0.6000,0.0909,False
Llama-3-8B-Instruct,RULER,L2Norm,RULER_ALL,128,0.8000,0.0000,True
Llama-3-8B-Instruct,RULER,L2Norm,RULER_ALL,256,1.0000,0.0000,True
Llama-3-8B-Instruct,RULER,L2Norm,RULER_ALL,512,0.8000,0.0000,True
Llama-3-8B-Instruct,RULER,L2Norm,RULER_ALL,1024,1.0000,0.0000,True
Llama-3-8B-Instruct,RULER,L2Norm,RULER_ALL,1536,1.0000,0.0000,True
Llama-3-8B-Instruct,RULER,L2Norm,RULER_ALL,2048,1.0000,0.0000,True
