category,method,natural,budget,floor,uniform,winner
Code,H2O,2456,128,64,45.96,46.59
Code,H2O,2456,256,64,49.49,50.59
Code,H2O,2456,512,64,52.81,54.03
Code,H2O,2456,1024,64,56.92,56.15
Code,SnapKV,430,128,64,54.81,55.86
Code,SnapKV,430,256,64,55.67,57.33
Code,SnapKV,430,512,64,56.73,58.16
Code,SnapKV,430,1024,64,56.02,58.52
MultiDoc,H2O,448,128,64,32.57,32.16
MultiDoc,H2O,448,256,64,32.45,32.86
MultiDoc,H2O,448,512,64,32.98,34.33
MultiDoc,H2O,448,1024,64,33.54,34.38
MultiDoc,SnapKV,274,128,64,34.82,35.02
MultiDoc,SnapKV,274,256,64,35.60,36.31
MultiDoc,SnapKV,274,512,64,35.77,35.73
MultiDoc,SnapKV,274,1024,64,35.87,36.26
SingleDoc,H2O,518,128,64,28.21,29.72
SingleDoc,H2O,518,256,64,29.96,30.70
SingleDoc,H2O,518,512,64,32.41,32.21
SingleDoc,H2O,518,1024,64,33.60,34.20
SingleDoc,SnapKV,506,128,64,32.97,33.51
SingleDoc,SnapKV,506,256,64,35.25,34.51
SingleDoc,SnapKV,506,512,64,35.97,36.33
SingleDoc,SnapKV,506,1024,64,36.44,36.46
Summ,H2O,552,128,64,21.88,22.02
Summ,H2O,552,256,64,23.13,23.17
Summ,H2O,552,512,64,24.22,24.35
Summ,H2O,552,1024,64,24.97,25.11
Summ,SnapKV,732,128,64,21.03,21.15
Summ,SnapKV,732,256,64,22.30,22.41
Summ,SnapKV,732,512,64,23.44,23.71
Summ,SnapKV,732,1024,64,24.85,25.10
RULER,H2O,2180,64,16,7.23,7.60
RULER,H2O,2180,128,64,12.19,12.22
RULER,H2O,2180,256,16,20.02,19.61
RULER,H2O,2180,512,16,29.64,32.61
RULER,H2O,2180,1024,16,44.35,53.42
RULER,H2O,2180,1536,16,53.39,70.88
RULER,H2O,2180,2048,64,62.82,88.31
RULER,SnapKV,1756,64,16,34.64,44.99
RULER,SnapKV,1756,128,64,51.56,58.37
RULER,SnapKV,1756,256,64,68.06,72.28
RULER,SnapKV,1756,512,16,78.62,81.76
RULER,SnapKV,1756,1024,16,85.67,91.46
RULER,SnapKV,1756,1536,16,88.62,98.35
RULER,SnapKV,1756,2048,16,92.93,98.91
Code,AdaKV,482,128,64,57.30,56.94
Code,AdaKV,482,256,64,58.19,58.77
Code,AdaKV,482,512,64,58.70,59.61
MultiDoc,AdaKV,188,128,64,34.99,35.38
MultiDoc,AdaKV,188,256,64,35.42,36.14
MultiDoc,AdaKV,188,512,64,36.14,35.69
SingleDoc,AdaKV,464,128,64,32.83,33.16
SingleDoc,AdaKV,464,256,64,35.08,35.33
SingleDoc,AdaKV,464,512,64,36.68,36.45
RULER,AdaKV,2536,64,16,35.80,35.97
RULER,AdaKV,2536,128,64,50.87,55.32
RULER,AdaKV,2536,256,64,68.02,68.74
RULER,AdaKV,2536,512,64,78.22,78.50
RULER,AdaKV,2536,1024,16,86.87,87.09
RULER,AdaKV,2536,1536,16,89.75,94.76
RULER,AdaKV,2536,2048,16,93.90,98.17
Code,L2Norm,1410,128,64,22.54,26.20
Code,L2Norm,1410,256,64,23.57,30.46
Code,L2Norm,1410,512,64,28.14,35.55
Code,L2Norm,1410,1024,64,34.95,44.47
MultiDoc,L2Norm,2236,128,64,9.09,8.18
MultiDoc,L2Norm,2236,256,64,13.23,18.41
MultiDoc,L2Norm,2236,512,64,22.06,23.91
MultiDoc,L2Norm,2236,1024,64,28.72,31.37
SingleDoc,L2Norm,2120,128,64,10.20,10.52
SingleDoc,L2Norm,2120,256,64,13.91,14.76
SingleDoc,L2Norm,2120,512,64,18.48,20.43
SingleDoc,L2Norm,2120,1024,64,24.75,29.21
Summ,L2Norm,2518,128,64,17.73,17.86
Summ,L2Norm,2518,256,64,19.79,19.98
Summ,L2Norm,2518,512,64,21.30,21.95
Summ,L2Norm,2518,1024,64,23.01,23.57
RULER,L2Norm,2354,128,64,4.63,10.85
RULER,L2Norm,2354,256,64,17.74,20.50
RULER,L2Norm,2354,512,64,27.17,28.48
RULER,L2Norm,2354,1024,64,35.59,37.76
RULER,L2Norm,2354,1536,64,42.28,51.33
RULER,L2Norm,2354,2048,64,49.70,61.16
