dataset,narrativeqa,qasper,multifieldqa_en,hotpotqa,2wikimqa,musique,gov_report,qmsum,multi_news,trec,triviaqa,samsum,passage_count,passage_retrieval_en,lcc,repobench-p
FullKV,-1,-1,-1,-1,-1,-1,-1,-1,-1,-1,-1,-1,-1,-1,-1,-1
random,-1,-1,-1,-1,-1,-1,-1,-1,-1,-1,-1,-1,-1,-1,-1,-1
SnapKV,18.31,20.89,36.38,31.38,25.68,10.18,23.98,21.15,25.88,64.0,83.36,40.94,5.5,10.0,58.75,52.93
StreamingLLM,-1,-1,-1,-1,-1,-1,-1,-1,-1,-1,-1,-1,-1,-1,-1,-1
H2O,-1,-1,-1,-1,-1,-1,-1,-1,-1,-1,-1,-1,-1,-1,-1,-1
PyramidKV,-1,-1,-1,-1,-1,-1,-1,-1,-1,-1,-1,-1,-1,-1,-1,-1
CAM,-1,-1,-1,-1,-1,-1,-1,-1,-1,-1,-1,-1,-1,-1,-1,-1
L2Norm,-1,-1,-1,-1,-1,-1,-1,-1,-1,-1,-1,-1,-1,-1,-1,-1
ThinK,-1,-1,-1,-1,-1,-1,-1,-1,-1,-1,-1,-1,-1,-1,-1,-1
