config_idx,avg_budget,evicted_attn,avg_score,gov_report_score,qmsum_score,multi_news_score,budgets,eval_time_sec
0,64.0,-19.55,19.49,19.33,19.6,19.54,"[64, 64, 64, 64, 64, 64, 64, 64, 64, 64, 64, 64, 64, 64, 64, 64, 64, 64, 64, 64, 64, 64, 64, 64, 64, 64, 64, 64, 64, 64, 64, 64]",5662.132951498032
1,128.0,-21.223333333333333,21.12,20.77,20.64,21.95,"[128, 128, 128, 128, 128, 128, 128, 128, 128, 128, 128, 128, 128, 128, 128, 128, 128, 128, 128, 128, 128, 128, 128, 128, 128, 128, 128, 128, 128, 128, 128, 128]",5075.969629049301
2,252.0,-21.416666666666668,21.373333333333335,21.47,20.33,22.32,"[64, 64, 1024, 128, 64, 64, 64, 64, 1024, 512, 1024, 256, 64, 64, 1024, 64, 128, 64, 64, 256, 64, 64, 64, 64, 64, 128, 256, 64, 1024, 64, 64, 64]",5613.46822309494
3,256.0,-22.21666666666667,22.27,22.2,21.04,23.57,"[256, 256, 256, 256, 256, 256, 256, 256, 256, 256, 256, 256, 256, 256, 256, 256, 256, 256, 256, 256, 256, 256, 256, 256, 256, 256, 256, 256, 256, 256, 256, 256]",5103.866011619568
4,268.0,-22.356666666666666,22.33666666666667,22.09,21.53,23.39,"[1024, 64, 512, 512, 512, 128, 256, 1024, 128, 128, 512, 128, 64, 512, 256, 256, 256, 64, 128, 64, 256, 256, 256, 128, 128, 128, 64, 256, 128, 128, 256, 64]",5134.53857755661
5,312.0,-22.78333333333333,22.583333333333332,22.81,21.09,23.85,"[64, 128, 128, 512, 64, 512, 64, 512, 64, 1024, 512, 128, 128, 256, 128, 512, 64, 1024, 512, 256, 64, 512, 128, 1024, 128, 128, 128, 64, 512, 128, 512, 64]",5119.892915010452
6,366.0,-22.826666666666668,22.51,21.98,21.84,23.71,"[64, 256, 512, 64, 256, 512, 512, 128, 1024, 256, 256, 64, 256, 1024, 128, 256, 128, 64, 256, 128, 1024, 512, 1024, 64, 512, 1024, 64, 512, 256, 64, 256, 256]",4636.367152929306
7,390.0,-22.916666666666668,22.276666666666667,21.95,21.39,23.49,"[128, 1024, 128, 512, 512, 1024, 512, 64, 1024, 512, 128, 512, 128, 512, 64, 128, 1024, 256, 256, 256, 128, 256, 128, 512, 512, 64, 512, 128, 1024, 256, 128, 128]",4631.400336027145
8,398.0,-23.463333333333335,23.16,23.45,21.28,24.75,"[512, 256, 256, 1024, 512, 256, 64, 256, 256, 128, 256, 512, 64, 1024, 512, 1024, 1024, 256, 1024, 256, 256, 64, 256, 256, 1024, 512, 128, 128, 64, 256, 256, 64]",4762.9461398124695
9,510.0,-23.81,23.540000000000003,23.68,21.94,25.0,"[256, 1024, 1024, 128, 256, 512, 128, 512, 1024, 512, 1024, 1024, 256, 512, 1024, 1024, 128, 64, 256, 128, 1024, 1024, 512, 128, 512, 64, 64, 1024, 256, 512, 256, 128]",4819.128757715225
10,622.0,-24.276666666666667,24.043333333333333,24.63,21.78,25.72,"[1024, 1024, 1024, 512, 512, 512, 128, 1024, 512, 512, 1024, 1024, 512, 1024, 1024, 256, 1024, 1024, 512, 128, 1024, 1024, 256, 64, 1024, 64, 128, 512, 256, 1024, 128, 64]",4770.772958278656
11,732.0,-24.343333333333334,24.433333333333334,25.3,21.69,26.31,"[64, 1024, 1024, 1024, 256, 1024, 1024, 1024, 1024, 1024, 1024, 256, 64, 512, 1024, 1024, 1024, 512, 1024, 64, 1024, 1024, 1024, 1024, 1024, 1024, 64, 64, 1024, 512, 512, 64]",4827.289962768555
