panel,row,L0,L1,L2,L3,L4,L5,L6,L7,L8,L9,L10,L11,L12,L13,L14,L15,L16,L17,L18,L19,L20,L21,L22,L23,L24,L25,L26,L27,L28,L29,L30,L31
anchor,adakv · Code (avg 1408),64,2048,64,4096,128,64,128,128,64,64,128,2048,4096,4096,64,4096,64,4096,2048,4096,128,4096,64,512,64,64,4096,64,64,4096,64,64
anchor,adakv · MultiDoc (avg 794),4096,256,4096,64,64,64,1024,2048,64,256,64,64,512,64,64,4096,1024,2048,64,64,4096,64,64,512,64,64,64,64,64,64,128,64
anchor,adakv · SingleDoc (avg 1648),4096,128,4096,4096,256,4096,512,64,4096,128,512,1024,4096,256,64,2048,256,512,4096,64,64,64,4096,512,64,4096,4096,512,512,4096,64,64
anchor,adakv · RULER (avg 2048),1434,2662,1434,2662,1434,2662,1434,2662,1434,2662,1434,2662,1434,2662,1434,2662,1434,2662,1434,2662,1434,2662,1434,2662,1434,2662,1434,2662,1434,2662,1434,2662
best_config,adakv · Code · B128 (random),34,129,239,18,105,16,162,136,16,193,27,157,245,175,28,199,81,22,199,251,57,198,132,55,38,258,178,27,87,232,180,222
best_config,adakv · Code · B256 (random),128,85,388,197,148,220,16,164,271,140,525,232,235,355,82,98,279,405,525,193,125,280,341,519,435,174,204,290,378,430,49,281
best_config,adakv · Code · B512 (random),423,782,395,287,238,356,982,658,74,665,72,760,1133,1131,53,94,869,16,927,276,340,530,654,627,125,52,912,368,1124,295,273,893
best_config,adakv · Code · B1024 (random),847,1564,790,575,476,712,1964,1316,148,1330,144,1521,2268,2263,106,189,1739,16,1855,552,680,1061,1309,1256,249,104,1825,736,2249,590,547,1787
best_config,adakv · MultiDoc · B128 (winner),542,61,542,37,37,37,157,285,37,61,37,37,93,37,36,542,157,285,36,36,542,36,36,93,36,36,36,36,36,36,45,36
best_config,adakv · MultiDoc · B256 (random),101,55,485,267,537,270,447,485,376,353,115,74,126,155,184,347,17,221,375,16,326,331,338,274,49,159,225,132,518,274,32,528
best_config,adakv · MultiDoc · B512 (random),1119,1024,951,691,178,610,331,192,175,771,958,99,989,99,62,618,1111,751,742,32,430,787,900,585,274,829,38,16,124,150,186,562
best_config,adakv · MultiDoc · B1024 (bo),2344,1534,1673,1572,16,2344,16,900,513,2328,973,170,986,2034,16,16,16,175,2344,1113,1959,1168,16,16,1288,2083,952,711,1660,224,1592,16
best_config,adakv · RULER · B128 (bo),16,16,291,30,16,16,291,16,16,111,16,291,284,291,16,291,165,16,227,236,291,105,176,16,16,144,291,18,16,92,240,39
best_config,adakv · RULER · B256 (bo),16,505,161,16,33,16,729,399,16,708,16,570,757,32,16,547,261,16,525,716,25,186,148,221,16,16,501,18,16,317,369,304
best_config,adakv · RULER · B512 (bo),16,839,985,16,16,16,684,16,16,16,16,16,1905,699,16,1713,1019,16,2037,1312,1358,65,16,16,16,16,1726,16,16,94,1482,194
best_config,adakv · RULER · B1024 (heuristic),1946,1886,1827,1767,1708,1648,1589,1529,1470,1410,1351,1292,1232,1173,1113,1054,994,935,875,816,756,697,638,578,519,459,400,340,281,221,162,102
best_config,adakv · RULER · B1536 (random),412,1554,2881,215,1271,53,1956,1639,16,2327,325,1893,2956,2120,342,2401,980,262,2410,3034,694,2389,1598,660,458,3115,2147,321,1051,2807,2180,2685
best_config,adakv · RULER · B2048 (random),2131,2512,1562,759,1048,2160,1037,3517,3778,2281,3470,891,661,1816,2418,2583,795,2314,3750,3023,2482,1023,2271,956,2243,1357,2235,3279,263,249,3107,3565
best_config,adakv · SingleDoc · B128 (random),27,164,139,46,287,124,129,323,46,16,106,48,36,103,60,129,170,205,133,185,53,250,20,219,221,16,97,152,56,173,286,77
best_config,adakv · SingleDoc · B256 (random),424,357,378,395,258,440,28,371,40,379,342,132,367,46,377,376,214,70,242,214,290,170,34,428,90,201,36,238,232,420,450,153
best_config,adakv · SingleDoc · B512 (random),203,102,912,674,692,747,682,22,31,242,622,864,300,773,615,870,396,784,385,672,703,173,696,674,22,295,642,585,640,273,280,813
best_config,adakv · SingleDoc · B1024 (winner),2361,194,2361,2361,264,2361,404,159,2361,194,404,683,2361,264,159,1242,264,404,2361,159,159,159,2360,404,159,2360,2360,404,404,2360,159,159
