config_idx,avg_budget,evicted_attn,avg_score,hotpotqa_score,2wikimqa_score,musique_score,budgets,eval_time_sec
0,64.0,-33.083333333333336,33.24333333333333,44.05,34.54,21.14,"[64, 64, 64, 64, 64, 64, 64, 64, 64, 64, 64, 64, 64, 64, 64, 64, 64, 64, 64, 64, 64, 64, 64, 64, 64, 64, 64, 64, 64, 64, 64, 64]",1931.3323292732239
1,68.0,-33.54666666666667,34.050000000000004,45.24,35.12,21.79,"[64, 64, 64, 64, 128, 64, 64, 64, 64, 64, 64, 64, 64, 64, 64, 128, 64, 64, 64, 64, 64, 64, 64, 64, 64, 64, 64, 64, 64, 64, 64, 64]",1803.074979543686
2,70.0,-34.44,33.86000000000001,44.48,35.17,21.93,"[64, 64, 64, 64, 64, 64, 64, 64, 64, 64, 256, 64, 64, 64, 64, 64, 64, 64, 64, 64, 64, 64, 64, 64, 64, 64, 64, 64, 64, 64, 64, 64]",942.2889091968536
3,74.0,-34.556666666666665,34.38333333333333,45.53,35.47,22.15,"[64, 64, 64, 64, 128, 64, 64, 64, 64, 64, 256, 64, 64, 64, 64, 128, 64, 64, 64, 64, 64, 64, 64, 64, 64, 64, 64, 64, 64, 64, 64, 64]",937.8942415714264
4,84.0,-34.559999999999995,34.28666666666667,45.6,34.89,22.37,"[64, 64, 256, 64, 64, 64, 64, 64, 64, 64, 256, 64, 64, 128, 64, 256, 64, 64, 64, 64, 64, 64, 64, 64, 64, 64, 64, 64, 64, 64, 64, 64]",928.3987700939178
5,88.0,-35.23666666666667,34.82333333333333,46.0,36.16,22.31,"[64, 64, 128, 64, 128, 64, 64, 64, 64, 64, 512, 64, 64, 64, 64, 256, 64, 64, 64, 64, 64, 64, 64, 64, 64, 64, 64, 64, 64, 64, 64, 64]",928.0981481075287
6,102.0,-35.74,35.26666666666667,46.27,36.71,22.82,"[64, 64, 128, 64, 64, 64, 64, 64, 64, 64, 256, 64, 64, 512, 64, 512, 64, 64, 64, 64, 64, 64, 64, 128, 64, 64, 64, 64, 64, 64, 64, 64]",926.2593834400177
7,118.0,-35.76,35.49,46.34,36.9,23.23,"[64, 64, 256, 64, 64, 64, 64, 64, 64, 128, 512, 64, 64, 512, 64, 512, 64, 64, 64, 64, 64, 64, 64, 128, 64, 128, 64, 64, 64, 64, 64, 64]",926.3550131320953
8,130.0,-36.01333333333333,35.51,46.64,36.79,23.1,"[64, 64, 256, 64, 64, 64, 64, 64, 64, 64, 1024, 64, 64, 512, 64, 512, 64, 64, 64, 64, 64, 64, 64, 128, 64, 64, 64, 64, 64, 64, 64, 64]",926.0842535495758
9,138.0,-36.09,35.45666666666667,46.69,36.58,23.1,"[64, 64, 512, 64, 64, 64, 64, 64, 64, 64, 1024, 64, 64, 512, 64, 512, 64, 64, 64, 64, 64, 64, 64, 128, 64, 64, 64, 64, 64, 64, 64, 64]",927.578848361969
10,142.0,-36.14,35.47,46.69,36.58,23.14,"[64, 64, 512, 64, 64, 64, 64, 64, 64, 64, 1024, 64, 64, 512, 64, 512, 64, 64, 64, 64, 64, 64, 64, 256, 64, 64, 64, 64, 64, 64, 64, 64]",927.2801225185394
11,154.0,-36.44,35.62666666666667,47.31,36.46,23.11,"[64, 64, 512, 64, 64, 64, 64, 64, 64, 64, 1024, 64, 64, 1024, 64, 512, 64, 64, 64, 64, 64, 64, 64, 64, 128, 64, 64, 64, 64, 64, 64, 64]",928.16619348526
12,158.0,-36.46,35.74666666666666,47.36,36.43,23.45,"[64, 64, 512, 64, 64, 64, 64, 64, 64, 64, 1024, 64, 64, 1024, 64, 512, 64, 64, 64, 64, 64, 64, 64, 256, 64, 64, 64, 64, 64, 64, 64, 64]",925.9808056354523
13,172.0,-36.699999999999996,35.67666666666667,46.65,36.96,23.42,"[64, 64, 1024, 64, 128, 64, 64, 64, 64, 64, 512, 64, 64, 1024, 64, 1024, 64, 64, 64, 64, 64, 64, 64, 128, 64, 64, 64, 64, 64, 64, 64, 64]",929.6703786849976
14,174.0,-36.93333333333333,35.9,47.61,36.89,23.2,"[64, 64, 1024, 64, 64, 64, 64, 64, 64, 64, 1024, 64, 64, 1024, 64, 512, 64, 64, 64, 64, 64, 64, 64, 256, 64, 64, 64, 64, 64, 64, 64, 64]",929.7452986240387
15,178.0,-37.33,35.736666666666665,46.89,36.9,23.42,"[64, 64, 512, 64, 128, 64, 64, 64, 64, 128, 1024, 64, 64, 1024, 64, 1024, 64, 64, 64, 64, 64, 64, 64, 256, 64, 64, 64, 64, 64, 64, 64, 64]",925.3975474834442
16,188.0,-37.36000000000001,35.73333333333333,47.32,37.03,22.85,"[64, 64, 1024, 64, 128, 64, 64, 64, 64, 64, 1024, 64, 64, 1024, 64, 1024, 64, 64, 64, 64, 64, 64, 64, 128, 64, 64, 64, 64, 64, 64, 64, 64]",928.2404887676239
