stage,target_budget,arch,arch_name,avg_budget,niah_single_1,niah_single_2,niah_single_3,niah_multikey_1,niah_multikey_2,niah_multikey_3,niah_multiquery,niah_multivalue,cwe,fwe,vt,mean_score,budgets
step2_pareto_full500,,1,uniform,64.0,99.6,92.0,0.0,91.6,51.6,0.0,8.25,26.7,4.04,0.67,19.4,35.805,64 64 64 64 64 64 64 64 64 64 64 64 64 64 64 64 64 64 64 64 64 64 64 64 64 64 64 64 64 64 64 64
step2_pareto_full500,,2,uniform,128.0,99.8,97.8,0.0,97.4,68.2,0.0,44.2,65.8,15.28,16.8,54.24,50.865,128 128 128 128 128 128 128 128 128 128 128 128 128 128 128 128 128 128 128 128 128 128 128 128 128 128 128 128 128 128 128 128
step2_pareto_full500,,3,uniform,256.0,100.0,99.8,4.2,98.8,84.8,0.0,89.45,90.4,28.92,68.07,83.72,68.015,256 256 256 256 256 256 256 256 256 256 256 256 256 256 256 256 256 256 256 256 256 256 256 256 256 256 256 256 256 256 256 256
step2_pareto_full500,,4,uniform,512.0,100.0,100.0,32.6,99.6,97.4,0.0,98.45,97.35,59.0,81.87,94.16,78.221,512 512 512 512 512 512 512 512 512 512 512 512 512 512 512 512 512 512 512 512 512 512 512 512 512 512 512 512 512 512 512 512
step2_pareto_full500,,7,shaped,896.0,100.0,99.8,43.2,99.2,95.2,0.4,97.4,96.9,73.18,86.4,94.16,80.531,4096 256 2048 512 64 256 2048 1024 128 2048 2048 64 64 2048 1024 256 512 2048 1024 64 128 64 128 2048 64 2048 256 1024 128 512 128 512
step2_pareto_full500,,5,uniform,1024.0,100.0,100.0,77.4,99.6,99.2,1.6,99.85,98.0,93.64,87.33,98.92,86.867,1024 1024 1024 1024 1024 1024 1024 1024 1024 1024 1024 1024 1024 1024 1024 1024 1024 1024 1024 1024 1024 1024 1024 1024 1024 1024 1024 1024 1024 1024 1024 1024
step2_pareto_full500,,8,shaped,1204.0,100.0,100.0,97.0,99.4,100.0,48.8,98.95,98.0,90.16,84.2,95.04,91.959,128 256 1024 1024 64 4096 64 2048 512 128 2048 512 512 2048 4096 512 4096 128 256 64 128 128 512 4096 2048 64 4096 1024 128 128 512 2048
step2_pareto_full500,,9,shaped,1840.0,100.0,100.0,98.8,99.8,98.6,94.2,98.35,97.05,82.1,74.2,93.28,94.216,2048 1024 512 512 256 4096 2048 1024 4096 4096 4096 128 128 2048 64 4096 4096 128 2048 256 4096 128 4096 128 1024 256 2048 1024 4096 1024 4096 64
step2_pareto_full500,,10,shaped,1852.0,100.0,100.0,99.6,99.0,100.0,89.0,98.75,96.35,92.78,78.8,96.92,95.564,4096 4096 2048 512 2048 4096 512 512 128 4096 4096 256 64 2048 2048 4096 4096 64 256 1024 4096 512 2048 256 128 256 4096 4096 1024 256 2048 256
step2_pareto_full500,,11,shaped,2254.0,100.0,99.8,99.6,99.2,99.8,85.2,98.8,96.0,90.58,80.6,97.64,95.202,4096 512 4096 1024 64 4096 4096 4096 256 4096 4096 128 64 2048 512 4096 4096 64 2048 128 4096 64 2048 4096 512 1024 4096 4096 4096 128 4096 64
step2_pareto_full500,,12,shaped,2340.0,100.0,100.0,100.0,99.2,99.4,92.8,98.55,98.4,93.9,83.2,96.28,96.521,2048 2048 4096 256 64 4096 4096 4096 1024 4096 4096 64 128 4096 1024 4096 4096 128 64 64 2048 256 4096 2048 4096 128 4096 4096 1024 4096 4096 1024
step2_pareto_full500,,13,shaped,2536.0,100.0,100.0,100.0,99.0,99.8,98.2,98.55,96.85,97.44,83.73,96.08,97.241,4096 256 4096 2048 64 4096 512 4096 4096 4096 4096 64 64 4096 4096 4096 4096 64 512 512 2048 128 4096 4096 128 4096 4096 4096 512 4096 4096 512
step2_pareto_full500,,6,uniform,4096.0,100.0,100.0,100.0,99.4,100.0,98.4,99.85,98.85,99.76,92.0,99.44,98.882,4096 4096 4096 4096 4096 4096 4096 4096 4096 4096 4096 4096 4096 4096 4096 4096 4096 4096 4096 4096 4096 4096 4096 4096 4096 4096 4096 4096 4096 4096 4096 4096
step3_fixed_budget,64,1,Winner (rescaled anchor),64.0,99.6,92.4,0.0,91.4,37.8,0.0,13.95,31.35,4.94,0.2,24.0,35.967,98 16 98 51 16 98 17 97 97 97 97 16 16 97 97 97 97 16 17 17 51 16 97 97 16 97 97 97 17 97 97 17
step3_4_slice,128,1,Uniform,128.0,99.8,97.8,0.0,97.4,68.2,0.0,44.2,65.8,15.28,16.8,54.24,50.865,128 128 128 128 128 128 128 128 128 128 128 128 128 128 128 128 128 128 128 128 128 128 128 128 128 128 128 128 128 128 128 128
step3_4_slice,128,2,Winner (rescaled anchor),128.0,100.0,97.8,0.2,98.2,78.0,0.0,55.95,72.75,14.98,39.0,51.68,55.324,175 64 175 92 64 175 64 175 175 175 175 64 64 175 175 175 175 64 64 64 92 64 175 174 64 174 174 174 64 174 174 64
step3_4_slice,128,3,Best heuristic,128.0,100.0,97.4,0.4,97.6,74.6,0.0,51.75,63.7,11.52,47.47,61.64,55.098,64 64 64 64 70 84 99 113 128 142 157 171 185 200 214 229 229 214 200 185 171 157 142 128 113 99 84 70 64 64 64 64
step3_4_slice,128,4,Best random,128.0,100.0,98.6,0.6,98.4,80.0,0.0,58.95,75.45,14.7,43.2,61.48,57.398,64 71 163 156 64 217 64 176 132 64 187 126 132 203 228 104 228 64 103 64 64 64 106 212 184 64 210 169 64 64 107 178
step3_4_slice,128,5,Best BO,128.0,100.0,98.0,1.8,98.4,76.0,0.0,51.1,66.8,10.8,41.0,62.64,55.14,64 64 64 64 64 64 64 102 64 64 420 64 217 76 191 183 507 64 64 64 64 64 64 281 89 64 133 64 64 284 333 64
step3_4_slice,256,1,Uniform,256.0,100.0,99.8,4.2,98.8,84.8,0.0,89.45,90.4,28.92,68.07,83.72,68.015,256 256 256 256 256 256 256 256 256 256 256 256 256 256 256 256 256 256 256 256 256 256 256 256 256 256 256 256 256 256 256 256
step3_4_slice,256,2,Winner (rescaled anchor),256.0,100.0,100.0,8.4,99.6,94.2,0.0,92.1,93.95,26.82,65.27,75.84,68.744,389 64 389 205 64 389 67 389 389 389 389 64 64 389 389 389 389 64 67 66 205 64 389 389 64 389 389 389 66 389 389 66
step3_4_slice,256,3,Best heuristic,256.0,100.0,99.6,7.4,99.4,90.6,0.0,92.05,89.1,26.56,67.4,92.48,69.508,64 64 86 116 147 177 208 238 268 299 329 359 390 420 450 481 481 450 420 390 359 329 299 268 238 208 177 147 116 86 64 64
step3_4_slice,256,4,Best random,256.0,100.0,100.0,10.8,99.4,94.8,0.0,93.55,96.05,39.66,70.4,88.44,72.1,86 151 346 331 64 460 64 373 281 125 396 266 279 430 484 220 484 108 217 64 129 82 224 449 389 71 445 359 77 136 226 376
step3_4_slice,256,5,Best BO,256.0,100.0,100.0,13.4,99.6,92.6,0.0,89.7,90.3,34.26,65.07,83.88,69.892,64 64 438 421 64 542 64 162 262 64 541 101 64 542 542 64 542 64 64 99 64 64 334 64 542 64 542 542 64 64 539 541
step3_4_slice,512,1,Uniform,512.0,100.0,100.0,32.6,99.6,97.4,0.0,98.45,97.35,59.0,81.87,94.16,78.221,512 512 512 512 512 512 512 512 512 512 512 512 512 512 512 512 512 512 512 512 512 512 512 512 512 512 512 512 512 512 512 512
step3_4_slice,512,2,Winner (rescaled anchor),512.0,100.0,100.0,46.2,98.8,98.2,0.0,97.95,97.2,62.7,71.6,90.84,78.499,799 89 799 420 64 799 137 799 799 799 799 64 64 799 799 799 799 64 137 137 420 66 799 799 66 799 799 799 137 799 799 137
step3_4_slice,512,3,Best heuristic,512.0,100.0,99.8,45.6,99.6,97.6,0.0,99.1,97.5,60.26,80.8,98.04,79.845,64 112 174 235 296 358 419 481 542 603 665 726 787 849 910 971 971 910 849 787 726 665 603 542 481 419 358 296 235 174 112 64
step3_4_slice,512,4,Best random,512.0,100.0,100.0,58.8,99.4,98.2,0.0,99.6,97.75,81.04,82.4,96.64,83.075,173 303 695 663 115 924 90 748 563 252 796 535 560 863 971 441 970 217 436 125 259 164 450 900 782 142 892 720 154 273 453 755
step3_4_slice,512,5,Best BO,512.0,100.0,100.0,82.6,99.2,98.6,1.4,91.4,90.0,55.44,70.07,95.16,80.352,64 1280 436 64 64 730 64 1134 64 294 617 332 569 64 1516 120 1645 64 64 64 130 64 64 1645 1581 64 64 1645 64 64 1618 132
step3_4_slice,1024,1,Uniform,1024.0,100.0,100.0,77.4,99.6,99.2,1.6,99.85,98.0,93.64,87.33,98.92,86.867,1024 1024 1024 1024 1024 1024 1024 1024 1024 1024 1024 1024 1024 1024 1024 1024 1024 1024 1024 1024 1024 1024 1024 1024 1024 1024 1024 1024 1024 1024 1024 1024
step3_4_slice,1024,2,Winner (rescaled anchor),1024.0,100.0,100.0,88.6,99.6,99.2,6.8,99.25,98.45,92.12,79.87,94.16,87.095,1602 179 1602 844 108 1602 274 1602 1602 1602 1602 108 108 1602 1602 1602 1602 108 274 274 843 132 1602 1602 132 1602 1602 1602 274 1602 1602 274
step3_4_slice,1024,3,Best heuristic,1024.0,100.0,100.0,89.8,99.6,99.8,13.4,99.8,98.15,92.14,88.27,98.96,89.084,102 225 348 471 594 717 840 963 1085 1208 1331 1454 1577 1700 1823 1946 1946 1823 1700 1577 1454 1331 1208 1085 963 840 717 594 471 348 225 102
step3_4_slice,1024,4,Best random,1024.0,100.0,100.0,95.0,99.8,100.0,14.2,99.8,98.5,97.24,87.67,98.92,90.103,345 605 1390 1327 230 1848 180 1496 1126 503 1591 1070 1120 1725 1942 882 1941 435 872 250 519 327 901 1800 1563 285 1785 1439 308 546 906 1511
step3_4_slice,1024,5,Best BO,1024.0,100.0,100.0,96.6,99.6,99.4,74.6,97.0,96.45,86.4,86.93,94.6,93.78,64 138 1424 750 64 2702 64 64 64 64 3042 64 318 1446 2629 1224 3329 227 1630 64 64 152 2223 459 2494 64 3014 1406 64 64 64 3329
step3_4_slice,1536,1,Uniform,1536.0,100.0,100.0,91.2,99.6,100.0,10.6,99.9,98.35,98.74,89.73,99.08,89.745,1536 1536 1536 1536 1536 1536 1536 1536 1536 1536 1536 1536 1536 1536 1536 1536 1536 1536 1536 1536 1536 1536 1536 1536 1536 1536 1536 1536 1536 1536 1536 1536
step3_4_slice,1536,2,Winner (rescaled anchor),1536.0,100.0,100.0,97.6,99.6,99.8,67.6,99.55,98.7,96.9,86.8,95.84,94.763,2403 269 2403 1265 162 2403 411 2403 2403 2403 2403 162 162 2403 2403 2403 2403 162 411 411 1265 198 2403 2403 198 2403 2403 2403 411 2403 2403 411
step3_4_slice,1536,3,Best heuristic,1536.0,100.0,100.0,98.8,99.8,100.0,88.0,99.85,98.0,98.18,91.33,99.24,97.564,154 338 522 707 891 1075 1260 1444 1628 1812 1997 2181 2365 2550 2734 2918 2918 2734 2550 2365 2181 1997 1812 1628 1444 1260 1075 891 707 522 338 154
step3_4_slice,1536,4,Best random,1536.0,100.0,100.0,97.8,99.6,100.0,92.8,99.8,98.85,99.18,90.8,99.08,97.992,518 908 2085 1990 346 2772 271 2244 1689 755 2387 1604 1680 2588 2912 1323 2911 652 1308 375 778 491 1351 2700 2344 427 2677 2159 463 819 1359 2266
step3_4_slice,1536,5,Best BO,1536.0,100.0,100.0,90.4,99.6,99.8,73.4,98.75,98.3,87.06,89.6,97.6,94.046,118 3277 1797 2309 16 3729 16 813 135 1102 2998 16 921 2067 3525 1566 3730 3729 1529 16 16 202 1123 3730 3729 16 3707 147 16 16 174 2867
step3_4_slice,2048,1,Uniform,2048.0,100.0,100.0,96.6,99.4,100.0,48.8,99.9,98.45,99.62,90.87,99.28,93.902,2048 2048 2048 2048 2048 2048 2048 2048 2048 2048 2048 2048 2048 2048 2048 2048 2048 2048 2048 2048 2048 2048 2048 2048 2048 2048 2048 2048 2048 2048 2048 2048
step3_4_slice,2048,2,Winner (rescaled anchor),2048.0,100.0,100.0,100.0,99.6,99.4,98.0,99.55,98.7,98.62,88.8,97.16,98.166,3204 358 3204 1687 216 3204 548 3204 3204 3204 3204 216 216 3204 3204 3204 3204 216 548 548 1687 264 3204 3204 264 3204 3204 3204 548 3204 3204 548
step3_4_slice,2048,3,Best heuristic,2048.0,100.0,100.0,99.6,99.8,100.0,97.4,99.85,98.0,99.3,91.93,99.24,98.647,205 451 696 942 1188 1434 1679 1925 2171 2417 2662 2908 3154 3400 3645 3891 3891 3645 3400 3154 2908 2662 2417 2171 1925 1679 1434 1188 942 696 451 205
step3_4_slice,2048,4,Best random,2048.0,100.0,100.0,98.2,99.6,100.0,97.0,99.95,98.9,99.52,91.67,99.28,98.556,691 1211 2781 2653 461 3696 361 2992 2252 1006 3183 2139 2241 3451 3883 1764 3881 870 1744 499 1037 654 1802 3600 3126 569 3569 2878 617 1092 1812 3021
step3_4_slice,2048,5,Best BO,2048.0,100.0,100.0,99.8,99.8,100.0,95.8,99.75,98.2,97.64,88.13,98.4,97.956,456 456 455 4096 455 4096 455 455 455 455 4096 455 4096 455 4096 4096 4096 455 4096 455 455 455 4096 455 4096 4096 4096 4096 455 4096 455 455
