config_idx,avg_budget,evicted_attn,avg_score,narrativeqa_score,qasper_score,multifieldqa_en_score,budgets,eval_time_sec
0,64.0,-25.540000000000003,25.526666666666667,19.69,18.84,38.05,"[64, 64, 64, 64, 64, 64, 64, 64, 64, 64, 64, 64, 64, 64, 64, 64, 64, 64, 64, 64, 64, 64, 64, 64, 64, 64, 64, 64, 64, 64, 64, 64]",1360.6962118148804
1,70.0,-26.623333333333335,26.293333333333333,20.97,19.72,38.19,"[64, 64, 128, 64, 64, 64, 64, 64, 64, 64, 64, 64, 64, 64, 64, 128, 128, 64, 64, 64, 64, 64, 64, 64, 64, 64, 64, 64, 64, 64, 64, 64]",1350.534821510315
2,74.0,-27.27333333333333,26.92,20.35,19.41,41.0,"[64, 64, 64, 64, 64, 64, 64, 64, 64, 64, 64, 64, 64, 64, 64, 64, 64, 128, 256, 64, 64, 64, 64, 64, 64, 64, 128, 64, 64, 64, 64, 64]",1357.4242451190948
3,80.0,-27.973333333333333,27.293333333333333,20.88,20.8,40.2,"[64, 64, 64, 64, 64, 128, 64, 64, 64, 128, 64, 64, 128, 128, 64, 128, 128, 128, 128, 64, 64, 64, 64, 64, 64, 64, 64, 64, 64, 64, 64, 64]",1327.206422328949
4,98.0,-28.393333333333334,27.166666666666668,19.93,22.11,39.46,"[256, 64, 256, 64, 64, 64, 64, 64, 64, 64, 64, 64, 64, 128, 64, 512, 256, 64, 64, 64, 64, 64, 64, 64, 64, 64, 64, 64, 64, 64, 64, 64]",1361.3508899211884
5,110.0,-30.156666666666666,30.076666666666664,21.87,22.82,45.54,"[64, 64, 64, 64, 64, 64, 64, 512, 64, 64, 64, 64, 256, 128, 64, 128, 64, 256, 512, 64, 64, 64, 64, 64, 64, 64, 64, 64, 64, 64, 64, 128]",1287.4015216827393
6,114.0,-30.816666666666663,29.406666666666666,21.91,23.14,43.17,"[256, 64, 64, 64, 64, 64, 64, 128, 64, 256, 64, 64, 128, 128, 256, 512, 128, 64, 256, 64, 64, 64, 128, 64, 64, 64, 128, 64, 64, 64, 64, 64]",1352.7601239681244
7,144.0,-31.083333333333332,30.900000000000002,22.2,23.76,46.74,"[64, 64, 64, 64, 64, 128, 64, 256, 64, 256, 64, 64, 512, 64, 128, 256, 64, 256, 1024, 64, 64, 64, 64, 64, 64, 64, 64, 64, 64, 128, 64, 256]",1296.1323142051697
8,148.0,-31.456666666666667,31.896666666666665,22.33,25.89,47.47,"[64, 64, 64, 64, 64, 64, 64, 512, 64, 64, 128, 64, 512, 64, 256, 1024, 64, 128, 512, 64, 64, 64, 64, 64, 128, 64, 64, 64, 64, 64, 64, 64]",1285.7782292366028
9,162.0,-31.69333333333333,31.666666666666668,22.69,24.92,47.39,"[64, 64, 64, 64, 64, 128, 64, 512, 64, 256, 64, 64, 256, 256, 64, 1024, 128, 128, 1024, 64, 64, 64, 64, 64, 64, 64, 64, 64, 64, 64, 64, 64]",1280.7342042922974
10,168.0,-31.820000000000004,32.11333333333334,24.02,23.65,48.67,"[64, 64, 128, 64, 64, 128, 64, 512, 64, 64, 128, 64, 1024, 64, 64, 256, 64, 512, 1024, 64, 64, 64, 64, 64, 64, 64, 128, 128, 64, 64, 64, 64]",1301.828532218933
11,174.0,-31.846666666666668,31.393333333333334,22.07,25.26,46.85,"[64, 64, 64, 64, 64, 64, 128, 256, 64, 128, 64, 64, 1024, 128, 64, 1024, 128, 256, 1024, 64, 64, 64, 64, 64, 64, 64, 64, 64, 64, 64, 64, 64]",1284.067274570465
12,184.0,-32.62,32.51,22.88,26.2,48.45,"[64, 64, 64, 64, 64, 128, 64, 512, 64, 512, 64, 64, 256, 64, 256, 1024, 256, 256, 512, 64, 64, 64, 256, 64, 64, 64, 64, 64, 64, 128, 64, 512]",1293.5214478969574
13,188.0,-32.733333333333334,32.36333333333334,23.05,26.18,47.86,"[64, 64, 64, 64, 64, 128, 64, 1024, 64, 256, 128, 64, 512, 64, 128, 1024, 64, 256, 1024, 64, 64, 64, 128, 64, 64, 64, 64, 64, 64, 64, 64, 64]",1269.8447804450989
14,192.0,-33.28,32.81333333333333,23.84,26.61,47.99,"[64, 64, 128, 64, 64, 64, 64, 512, 64, 64, 128, 64, 1024, 128, 64, 1024, 128, 512, 1024, 64, 64, 64, 64, 64, 64, 64, 128, 64, 64, 64, 64, 64]",1281.9238975048065
15,246.0,-33.52333333333333,32.71,23.64,26.23,48.26,"[256, 64, 64, 64, 64, 64, 64, 1024, 64, 1024, 256, 64, 1024, 128, 64, 1024, 128, 512, 1024, 64, 64, 64, 64, 64, 64, 64, 128, 64, 64, 64, 64, 64]",1276.7522451877594
16,254.0,-33.626666666666665,32.95666666666667,23.53,27.36,47.98,"[64, 64, 64, 64, 64, 256, 64, 1024, 64, 512, 64, 64, 1024, 64, 128, 1024, 128, 512, 1024, 64, 64, 64, 64, 64, 64, 64, 128, 64, 64, 64, 64, 1024]",1289.0908885002136
17,266.0,-33.89,33.13,24.39,27.57,47.43,"[64, 64, 64, 64, 64, 256, 64, 1024, 64, 512, 64, 64, 1024, 64, 512, 1024, 64, 512, 1024, 64, 64, 64, 64, 64, 64, 64, 128, 64, 64, 128, 64, 1024]",1300.4608170986176
18,308.0,-33.9,33.296666666666674,24.53,27.37,47.99,"[64, 64, 64, 64, 64, 256, 64, 1024, 64, 1024, 64, 64, 1024, 64, 1024, 1024, 64, 512, 1024, 64, 64, 64, 64, 64, 64, 64, 64, 64, 64, 512, 64, 1024]",1290.3637533187866
19,316.0,-34.22666666666667,33.59,23.89,27.86,49.02,"[64, 64, 64, 64, 64, 128, 64, 1024, 64, 256, 512, 64, 1024, 64, 1024, 1024, 64, 1024, 1024, 64, 64, 64, 512, 64, 64, 64, 256, 64, 64, 64, 64, 1024]",1282.0895969867706
20,384.0,-34.82,33.696666666666665,23.6,29.23,48.26,"[64, 64, 1024, 256, 64, 128, 64, 64, 64, 1024, 1024, 64, 1024, 64, 1024, 1024, 1024, 1024, 1024, 1024, 64, 64, 256, 64, 256, 64, 64, 64, 64, 64, 64, 64]",1298.4509930610657
