Method: SNAPKV, Dataset: RULER, Method: Meta-LLAMA-3-8B

arch,avg_budget,nas_f2,niah_single_1,niah_single_2,niah_single_3,niah_multikey_1,niah_multikey_2,niah_multikey_3,niah_multiquery,niah_multivalue,cwe,fwe,vt,mean_score,budgets
1,1024.0,-85.34545454545454,100.0,100.0,64.8,99.4,99.8,0.6,99.75,98.75,96.12,84.67,98.44,85.66636363636363,1024 1024 1024 1024 1024 1024 1024 1024 1024 1024 1024 1024 1024 1024 1024 1024 1024 1024 1024 1024 1024 1024 1024 1024 1024 1024 1024 1024 1024 1024 1024 1024
2,1024.0,-91.09727272727272,100.0,100.0,92.2,99.6,99.8,35.6,99.6,98.55,95.34,88.2,97.16,91.4590909090909,150 382 1175 250 150 2232 382 646 1175 184 2232 1175 250 646 2232 2232 2232 2232 150 150 2232 250 2232 2232 2232 646 382 1175 150 184 646 150
3,1024.0,-87.31818181818181,100.0,100.0,81.4,99.2,100.0,5.2,99.7,99.1,90.3,84.87,97.96,87.06636363636363,1089 667 589 889 842 1700 1672 623 1104 1452 932 1578 152 1400 1304 1771 1496 873 1739 360 1449 198 1621 877 861 1808 16 1717 570 645 91 683
4,1024.0,-93.21545454545453,100.0,100.0,94.2,99.2,99.6,67.8,99.35,97.75,88.16,89.8,95.92,93.79818181818182,954 226 943 16 16 1129 16 557 2282 612 2679 307 16 341 2677 2679 2679 2542 27 16 2674 16 1812 2672 2674 1086 206 850 16 16 16 16

arch,avg_budget,nas_f2,niah_single_1,niah_single_2,niah_single_3,niah_multikey_1,niah_multikey_2,niah_multikey_3,niah_multiquery,niah_multivalue,cwe,fwe,vt,mean_score,budgets
1,1536.0,-88.66090909090909,100.0,100.0,83.8,99.4,100.0,6.8,100.0,98.85,98.96,88.13,98.88,88.61999999999999,1536 1536 1536 1536 1536 1536 1536 1536 1536 1536 1536 1536 1536 1536 1536 1536 1536 1536 1536 1536 1536 1536 1536 1536 1536 1536 1536 1536 1536 1536 1536 1536
2,1536.0,-98.38818181818182,100.0,100.0,99.4,99.4,99.8,97.2,99.75,98.75,98.28,90.87,98.44,98.35363636363635,226 573 1762 375 226 3348 573 969 1762 275 3348 1762 374 969 3348 3348 3348 3348 226 226 3348 374 3348 3348 3348 969 573 1762 226 275 969 226
3,1536.0,-96.9909090909091,100.0,100.0,95.8,99.4,100.0,86.0,99.9,99.05,98.4,88.07,98.88,96.86363636363636,518 908 2085 1990 346 2772 271 2244 1689 755 2387 1604 1680 2588 2912 1323 2911 652 1308 375 778 491 1351 2700 2344 427 2677 2159 463 819 1359 2266
4,1536.0,-98.38818181818182,100.0,100.0,99.4,99.4,99.8,97.2,99.75,98.75,98.28,90.87,98.44,98.35363636363635,226 573 1762 375 226 3348 573 969 1762 275 3348 1762 374 969 3348 3348 3348 3348 226 226 3348 374 3348 3348 3348 969 573 1762 226 275 969 226

arch,avg_budget,nas_f2,niah_single_1,niah_single_2,niah_single_3,niah_multikey_1,niah_multikey_2,niah_multikey_3,niah_multiquery,niah_multivalue,cwe,fwe,vt,mean_score,budgets
1,2048.0,-92.40636363636364,100.0,100.0,92.8,99.4,100.0,43.0,99.9,98.9,99.56,89.4,99.24,92.92727272727272,2048 2048 2048 2048 2048 2048 2048 2048 2048 2048 2048 2048 2048 2048 2048 2048 2048 2048 2048 2048 2048 2048 2048 2048 2048 2048 2048 2048 2048 2048 2048 2048
2,2048.0,-98.87545454545456,100.0,100.0,100.0,99.6,100.0,98.6,99.9,98.8,99.6,92.6,98.88,98.90727272727273,354 898 2764 587 354 4096 898 1520 2763 432 4096 2763 587 1520 4096 4096 4096 4096 354 354 4096 587 4096 4096 4096 1520 898 2763 354 432 1520 354
3,2048.0,-98.37909090909089,100.0,100.0,99.4,99.6,100.0,96.0,99.95,98.9,99.1,89.87,99.08,98.35454545454546,691 1211 2781 2653 461 3696 361 2992 2252 1006 3183 2139 2241 3451 3883 1764 3881 870 1744 499 1037 654 1802 3600 3126 569 3569 2878 617 1092 1812 3021
4,2048.0,-98.50636363636363,100.0,100.0,99.0,99.8,100.0,95.4,99.95,99.15,98.32,88.73,98.92,98.11545454545454,820 820 820 820 819 4096 819 819 4096 819 4096 4096 819 819 819 4096 4096 4096 819 819 819 4096 4096 4096 4096 4096 819 819 819 819 819 819